{
  "avg_active_think_slots": 20.49344050884247,
  "avg_slot_gate": 0.32529269345104694,
  "avg_step_gate": 0.9882358275353909,
  "depth_difficulty_corr": 0.047570574446581304,
  "run_name": "twr_scale17p4m_gm8_lra_listops_100ep",
  "sample_wise_depth_distribution": [
    6.939011573791504,
    6.9387688636779785,
    6.916727066040039,
    6.930994987487793,
    6.944372653961182,
    6.925295352935791,
    6.915423393249512,
    6.929928779602051,
    6.922111511230469,
    6.931457042694092,
    6.943610668182373,
    6.929509162902832,
    6.918990135192871,
    6.915740489959717,
    6.915034294128418,
    6.928345680236816,
    6.921245574951172,
    6.905796051025391,
    6.923941612243652,
    6.938870429992676,
    6.934925079345703,
    6.927459239959717,
    6.921777725219727,
    6.935067653656006,
    6.92791223526001,
    6.939476013183594,
    6.9242963790893555,
    6.934309482574463,
    6.938901901245117,
    6.933700084686279,
    6.936948776245117,
    6.93553352355957,
    6.930239200592041,
    6.943982124328613,
    6.944545745849609,
    6.935757637023926,
    6.916675567626953,
    6.927712440490723,
    6.930624008178711,
    6.924756050109863,
    6.939661026000977,
    6.91362190246582,
    6.939250946044922,
    6.920501232147217,
    6.94405460357666,
    6.93306827545166,
    6.94169807434082,
    6.9300456047058105,
    6.915856838226318,
    6.920177459716797,
    6.919427871704102,
    6.938330173492432,
    6.9200639724731445,
    6.918799877166748,
    6.9266839027404785,
    6.944273948669434,
    6.927393913269043,
    6.914331436157227,
    6.935115814208984,
    6.906847953796387,
    6.9190778732299805,
    6.938293933868408,
    6.914582252502441,
    6.931916236877441,
    6.903130531311035,
    6.923166275024414,
    6.936925411224365,
    6.93892765045166,
    6.921853065490723,
    6.91884708404541,
    6.918377876281738,
    6.934083938598633,
    6.931777000427246,
    6.932745933532715,
    6.928900241851807,
    6.933658599853516,
    6.920829772949219,
    6.9253458976745605,
    6.924137115478516,
    6.923308849334717,
    6.936073303222656,
    6.936345100402832,
    6.933337688446045,
    6.916606903076172,
    6.929542541503906,
    6.914386749267578,
    6.939528465270996,
    6.930758476257324,
    6.937199592590332,
    6.934132099151611,
    6.9251604080200195,
    6.926926136016846,
    6.9409942626953125,
    6.935182571411133,
    6.939602375030518,
    6.9306559562683105,
    6.924344539642334,
    6.934565544128418,
    6.933465957641602,
    6.917474746704102,
    6.94281005859375,
    6.933506011962891,
    6.938127517700195,
    6.936310768127441,
    6.936227798461914,
    6.9402875900268555,
    6.9188642501831055,
    6.926238536834717,
    6.926944255828857,
    6.940720558166504,
    6.938444137573242,
    6.9201459884643555,
    6.943873405456543,
    6.925321102142334,
    6.9372406005859375,
    6.941540241241455,
    6.931544303894043,
    6.93416690826416,
    6.91009521484375,
    6.9211106300354,
    6.917580604553223,
    6.928308486938477,
    6.93452262878418,
    6.936711311340332,
    6.9403486251831055,
    6.934307098388672,
    6.923925399780273,
    6.920408248901367,
    6.940422058105469,
    6.924661159515381,
    6.9373931884765625,
    6.923898220062256,
    6.931936264038086,
    6.934895992279053,
    6.940915107727051,
    6.945770263671875,
    6.925854682922363,
    6.94291877746582,
    6.933514595031738,
    6.925533771514893,
    6.940720558166504,
    6.924796104431152,
    6.933239459991455,
    6.9164581298828125,
    6.93961238861084,
    6.941854476928711,
    6.929755210876465,
    6.924827575683594,
    6.933583736419678,
    6.931586265563965,
    6.915386199951172,
    6.920126914978027,
    6.922121047973633,
    6.935903549194336,
    6.940097332000732,
    6.9262895584106445,
    6.92549467086792,
    6.920149803161621,
    6.941305637359619,
    6.934247016906738,
    6.936769485473633,
    6.933250427246094,
    6.919178485870361,
    6.931731224060059,
    6.9199981689453125,
    6.926323890686035,
    6.930766582489014,
    6.918736934661865,
    6.930944919586182,
    6.91940975189209,
    6.931729316711426,
    6.91599178314209,
    6.937074661254883,
    6.923889636993408,
    6.923490524291992,
    6.934338569641113,
    6.925385475158691,
    6.929847717285156,
    6.939445495605469,
    6.917185306549072,
    6.9213032722473145,
    6.934929370880127,
    6.9376540184021,
    6.9346699714660645,
    6.940925598144531,
    6.928095817565918,
    6.922341346740723,
    6.942564964294434,
    6.927829742431641,
    6.920019149780273,
    6.94034481048584,
    6.929492950439453,
    6.915389060974121,
    6.930403709411621,
    6.925482749938965,
    6.935040473937988,
    6.929581642150879,
    6.939634323120117,
    6.9201765060424805,
    6.941120147705078,
    6.939952850341797,
    6.938873767852783,
    6.931570053100586,
    6.925767421722412,
    6.918410301208496,
    6.925480842590332,
    6.919699192047119,
    6.921887397766113,
    6.922365188598633,
    6.939534664154053,
    6.932458877563477,
    6.935622215270996,
    6.93590784072876,
    6.935675621032715,
    6.938779830932617,
    6.929849147796631,
    6.940496921539307,
    6.929667949676514,
    6.940398216247559,
    6.936329364776611,
    6.9211530685424805,
    6.939623832702637,
    6.911886215209961,
    6.9452362060546875,
    6.932775497436523,
    6.926762104034424,
    6.924914360046387,
    6.925546646118164,
    6.910867214202881,
    6.928122520446777,
    6.926055908203125,
    6.935643672943115,
    6.911476135253906,
    6.926262855529785,
    6.9299516677856445,
    6.934468746185303,
    6.924644470214844,
    6.927495002746582,
    6.93385124206543,
    6.929595947265625,
    6.907721519470215,
    6.9145002365112305,
    6.923649787902832,
    6.943432807922363,
    6.941180229187012,
    6.927335739135742,
    6.921257019042969,
    6.92103385925293,
    6.9433979988098145,
    6.937126159667969,
    6.942557334899902,
    6.946392059326172,
    6.933353424072266,
    6.917494297027588,
    6.910792350769043,
    6.93380069732666,
    6.926098823547363,
    6.9175214767456055,
    6.935629844665527,
    6.919000625610352,
    6.940375804901123,
    6.942907810211182,
    6.928894996643066,
    6.914636611938477,
    6.922715663909912,
    6.938652038574219,
    6.934717655181885,
    6.944056987762451,
    6.923501014709473,
    6.897355079650879,
    6.9399824142456055,
    6.921117782592773,
    6.93964958190918,
    6.911931037902832,
    6.931809425354004,
    6.926974773406982,
    6.933835983276367,
    6.927824974060059,
    6.927484035491943,
    6.908496856689453,
    6.93779182434082,
    6.924315452575684,
    6.915073394775391,
    6.934842109680176,
    6.941227912902832,
    6.928465843200684,
    6.926435470581055,
    6.933733940124512,
    6.933414459228516,
    6.926192283630371,
    6.93610143661499,
    6.9302167892456055,
    6.933104515075684,
    6.91763973236084,
    6.937868595123291,
    6.943197727203369,
    6.925516128540039,
    6.936138153076172,
    6.93364953994751,
    6.920513153076172,
    6.928042411804199,
    6.921896934509277,
    6.899092674255371,
    6.928614139556885,
    6.93358039855957,
    6.93906831741333,
    6.928445339202881,
    6.911327362060547,
    6.931756496429443,
    6.920193672180176,
    6.93961763381958,
    6.916196823120117,
    6.929836273193359,
    6.9313435554504395,
    6.9185285568237305,
    6.931074142456055,
    6.942753791809082,
    6.907419681549072,
    6.943564414978027,
    6.926973342895508,
    6.937309265136719,
    6.9270830154418945,
    6.929075241088867,
    6.928194046020508,
    6.932090759277344,
    6.921814441680908,
    6.918862342834473,
    6.933589935302734,
    6.934046745300293,
    6.92679500579834,
    6.934446811676025,
    6.917975425720215,
    6.9274187088012695,
    6.931832313537598,
    6.9165568351745605,
    6.938676357269287,
