{
  "approx_flops_per_example": 62914560,
  "avg_active_slots": 125.0,
  "avg_active_think_slots": 20.49344050884247,
  "avg_effective_depth": 6.929414719343185,
  "avg_slot_gate": 0.32529269345104694,
  "avg_step_gate": 0.9882358275353909,
  "dataset_name": "dataset",
  "depth_difficulty_corr": 0.047570574446581304,
  "epoch": 11,
  "final_train_loss": 1.8885847013443708,
  "final_val_accuracy": 0.33203125,
  "final_val_f1": 0.0,
  "final_val_loss": 2.05793996155262,
  "model_name": "twr",
  "parameter_count": 17245713,
  "peak_gpu_memory_mb": 785.779296875,
  "run_name": "twr_scale17p4m_gm8_lra_listops_100ep",
  "seed": 7,
  "throughput": 620.3416191211145
}