{
  "approx_flops_per_example": 100663296,
  "avg_active_slots": 253.0,
  "avg_active_think_slots": 34.72763442993164,
  "avg_effective_depth": 6.426397114992142,
  "avg_slot_gate": 0.27344592474400997,
  "avg_step_gate": 0.9043995290994644,
  "dataset_name": "dataset",
  "depth_difficulty_corr": -0.7705185078084469,
  "epoch": 18,
  "final_train_loss": 0.9913087980821729,
  "final_val_accuracy": 0.099609375,
  "final_val_f1": 0.0,
  "final_val_loss": 3.6319340020418167,
  "model_name": "twr",
  "parameter_count": 2915095,
  "peak_gpu_memory_mb": 469.36279296875,
  "run_name": "twr_scale2p8m_gm8_ruler_needle_100ep",
  "seed": 7,
  "throughput": 1034.933130941177
}