{
  "approx_flops_per_example": 67108864,
  "avg_active_slots": 509.0,
  "avg_active_think_slots": 71.24378728866577,
  "avg_effective_depth": 6.13566592335701,
  "avg_slot_gate": 0.27938739862293005,
  "avg_step_gate": 0.8559443391859531,
  "dataset_name": "dataset",
  "depth_difficulty_corr": 0.2735414112084982,
  "epoch": 12,
  "final_train_loss": 2.7888038512319326,
  "final_val_accuracy": 0.083984375,
  "final_val_f1": 0.0,
  "final_val_loss": 2.798242211341858,
  "model_name": "twr",
  "parameter_count": 96662,
  "peak_gpu_memory_mb": 77.34814453125,
  "run_name": "twr_backbone_ruler_needle_lean_1024",
  "seed": 7,
  "throughput": 3926.332251628855
}