{
  "avg_active_think_slots": 28.51637589931488,
  "avg_slot_gate": 0.4455683659762144,
  "avg_step_gate": 0.9303203076124191,
  "depth_difficulty_corr": 0.21926196129061282,
  "run_name": "twr_gmc8c2_d320_lra_listops_100ep",
  "sample_wise_depth_distribution": [
    4.710471153259277,
    4.7037787437438965,
    4.669139862060547,
    4.745837688446045,
    4.749979019165039,
    4.7327985763549805,
    4.698390483856201,
    4.739125728607178,
    4.721926212310791,
    4.7503204345703125,
    4.769351482391357,
    4.719827651977539,
    4.7463579177856445,
    4.732666015625,
    4.74364709854126,
    4.747307300567627,
    4.715620517730713,
    4.7404584884643555,
    4.737907409667969,
    4.735490798950195,
    4.725409030914307,
    4.725502014160156,
    4.693114757537842,
    4.761286735534668,
    4.688849449157715,
    4.737029075622559,
    4.739073276519775,
    4.732008934020996,
    4.721066474914551,
    4.736930847167969,
    4.73241662979126,
    4.725068092346191,
    4.755916118621826,
    4.734683990478516,
    4.7202229499816895,
    4.667333602905273,
    4.680675983428955,
    4.729281902313232,
    4.728845596313477,
    4.713685989379883,
    4.697475433349609,
    4.688677787780762,
    4.721471786499023,
    4.7519683837890625,
    4.70821475982666,
    4.747370719909668,
    4.732935905456543,
    4.728335857391357,
    4.72385311126709,
    4.680522441864014,
    4.723562240600586,
    4.658806324005127,
    4.705883979797363,
    4.740147590637207,
    4.766748905181885,
    4.7376556396484375,
    4.709630966186523,
    4.769282341003418,
    4.709731101989746,
    4.678560256958008,
    4.739647388458252,
    4.75002908706665,
    4.70026969909668,
    4.772389888763428,
    4.719241619110107,
    4.723649978637695,
    4.693417549133301,
    4.711586952209473,
    4.712437152862549,
    4.682345390319824,
    4.645243167877197,
    4.749970436096191,
    4.660849571228027,
    4.744692325592041,
    4.72719669342041,
    4.7519097328186035,
    4.723243236541748,
    4.742497444152832,
    4.723468780517578,
    4.749338150024414,
    4.758979797363281,
    4.718134880065918,
    4.71614933013916,
    4.750853061676025,
    4.743435859680176,
    4.706560134887695,
    4.738764762878418,
    4.697726726531982,
    4.697300910949707,
    4.708353519439697,
    4.754565715789795,
    4.727417945861816,
    4.713727951049805,
    4.717430114746094,
    4.746391296386719,
    4.70768928527832,
    4.708650588989258,
    4.718076229095459,
    4.75107479095459,
    4.72847843170166,
    4.741057395935059,
    4.691013813018799,
    4.706048011779785,
    4.738595008850098,
    4.716560363769531,
    4.7413153648376465,
    4.723531723022461,
    4.726531505584717,
    4.745766639709473,
    4.715362071990967,
    4.720942497253418,
    4.720096588134766,
    4.762535572052002,
    4.718662738800049,
    4.73934268951416,
    4.7515153884887695,
    4.7099833488464355,
    4.6772308349609375,
    4.741215229034424,
    4.702563285827637,
    4.738933563232422,
    4.7435102462768555,
    4.740082740783691,
    4.753228187561035,
    4.727453708648682,
    4.782841682434082,
    4.738056659698486,
    4.752363204956055,
    4.714234352111816,
    4.766549587249756,
    4.766969680786133,
    4.705601692199707,
    4.7718610763549805,
    4.737436294555664,
    4.752218246459961,
    4.764293670654297,
    4.7093729972839355,
    4.687839984893799,
    4.732608318328857,
    4.699438095092773,
    4.730555057525635,
    4.701740741729736,
    4.694383144378662,
    4.698143005371094,
    4.713940143585205,
    4.729065895080566,
    4.7496867179870605,
    4.705022811889648,
    4.764012336730957,
    4.7491888999938965,
    4.689104080200195,
    4.665801048278809,
    4.731749057769775,
    4.677956581115723,
    4.75997257232666,
    4.712621688842773,
    4.6600341796875,
    4.748411178588867,
    4.7249627113342285,
    4.720950126647949,
    4.690138816833496,
    4.732082366943359,
    4.747100830078125,
    4.7306952476501465,
    4.72266960144043,
    4.743124961853027,
    4.753544330596924,
    4.672060966491699,
    4.7031049728393555,
    4.700402736663818,
    4.704505920410156,
    4.714438438415527,
    4.754303932189941,
    4.6860246658325195,
    4.6933794021606445,
    4.696643829345703,
    4.648273944854736,
    4.662983417510986,
    4.769990921020508,
    4.747392654418945,
    4.703053951263428,
    4.608741283416748,
    4.7170729637146,
    4.6989898681640625,
    4.725930213928223,
    4.704951286315918,
    4.698963642120361,
    4.62397575378418,
    4.732847213745117,
    4.758877754211426,
    4.6996965408325195,
    4.716507911682129,
    4.739785194396973,
    4.747658729553223,
    4.697686672210693,
    4.755058288574219,
    4.652700424194336,
    4.707285404205322,
    4.692270278930664,
    4.701058387756348,
    4.695618629455566,
    4.697997570037842,
    4.717668056488037,
    4.75266695022583,
    4.683297157287598,
    4.702345848083496,
    4.67899227142334,
    4.752479553222656,
    4.7172346115112305,
    4.7629170417785645,
    4.772731304168701,
    4.747058868408203,
    4.70905065536499,
    4.693202972412109,
    4.631300926208496,
    4.697959899902344,
    4.732428073883057,
    4.733551979064941,
    4.761596202850342,
    4.762880325317383,
    4.7142744064331055,
    4.714890480041504,
    4.71378755569458,
    4.763753414154053,
    4.735130310058594,
    4.70921516418457,
    4.740189075469971,
    4.675096035003662,
    4.714263439178467,
    4.723902225494385,
    4.7362284660339355,
    4.708571434020996,
    4.7350382804870605,
    4.695437431335449,
    4.697526454925537,
    4.755186080932617,
    4.738043785095215,
    4.71286678314209,
    4.760495662689209,
    4.741683006286621,
    4.6745195388793945,
    4.725870132446289,
    4.719439506530762,
    4.766910076141357,
    4.7265753746032715,
    4.691061019897461,
    4.76389741897583,
    4.715188980102539,
    4.7588701248168945,
    4.752895355224609,
    4.709941864013672,
    4.765987396240234,
    4.715161323547363,
    4.711090087890625,
    4.705231666564941,
    4.720627784729004,
    4.648733139038086,
    4.750465393066406,
    4.742579460144043,
    4.631181716918945,
    4.740499973297119,
    4.763115882873535,
    4.6941022872924805,
    4.6879706382751465,
    4.724612236022949,
    4.732338905334473,
    4.731225490570068,
    4.704502105712891,
    4.740634441375732,
    4.72036075592041,
    4.704408168792725,
    4.627323150634766,
    4.75018310546875,
    4.73936128616333,
    4.719987869262695,
    4.7481184005737305,
    4.711948871612549,
    4.664724349975586,
    4.746214866638184,
    4.649378299713135,
    4.708384990692139,
    4.708892822265625,
    4.724179267883301,
    4.739719867706299,
    4.729158878326416,
    4.717358112335205,
    4.674415588378906,
    4.749902248382568,
    4.703897953033447,
    4.731563091278076,
    4.6917595863342285,
    4.739920616149902,
    4.7371721267700195,
    4.732657432556152,
    4.753115177154541,
    4.7546892166137695,
    4.6635942459106445,
    4.774560928344727,
    4.752462387084961,
    4.697548866271973,
    4.735952377319336,
    4.697076320648193,
    4.6489973068237305,
    4.739960193634033,
    4.7452521324157715,
    4.742772579193115,
    4.74339485168457,
    4.655590057373047,
    4.764731407165527,
    4.6257548332214355,
    4.725754737854004,
    4.660487651824951,
    4.755887985229492,
    4.697851657867432,
    4.709512710571289,
    4.733569145202637,
    4.7569169998168945,
    4.715790271759033,
    4.774994373321533,
    4.621323585510254,
    4.7663164138793945,
    4.755827903747559,
    4.755086898803711,
    4.7020158767700195,
    4.748987197875977,
    4.707201957702637,
    4.65451192855835,
    4.726613998413086,
    4.7339911460876465,
    4.741678237915039,
    4.713992118835449,
    4.774986267089844,
    4.71845006942749,
    4.7152180671691895,
    4.687498569488525,
