{
  "approx_flops_per_example": 20971520,
  "avg_active_slots": 127.0,
  "avg_active_think_slots": 28.51637589931488,
  "avg_effective_depth": 4.721281290054321,
  "avg_slot_gate": 0.4455683659762144,
  "avg_step_gate": 0.9303203076124191,
  "dataset_name": "dataset",
  "depth_difficulty_corr": 0.21926196129061282,
  "epoch": 17,
  "final_train_loss": 1.51329286955297,
  "final_val_accuracy": 0.3046875,
  "final_val_f1": 0.0,
  "final_val_loss": 2.154221571981907,
  "model_name": "twr",
  "parameter_count": 1953234,
  "peak_gpu_memory_mb": 158.255859375,
  "run_name": "twr_gmc8c2_d320_lra_listops_100ep",
  "seed": 7,
  "throughput": 3971.2436360056913
}