{
  "approx_flops_per_example": 20971520,
  "avg_active_slots": 127.0,
  "avg_active_think_slots": 27.386102199554443,
  "avg_effective_depth": 4.5856263637542725,
  "avg_slot_gate": 0.4279078431427479,
  "avg_step_gate": 0.896406602114439,
  "dataset_name": "dataset",
  "depth_difficulty_corr": 0.19472028134623542,
  "epoch": 12,
  "final_train_loss": 1.914221465587616,
  "final_val_accuracy": 0.26953125,
  "final_val_f1": 0.0,
  "final_val_loss": 2.1511741653084755,
  "model_name": "twr",
  "parameter_count": 1953234,
  "peak_gpu_memory_mb": 158.255859375,
  "run_name": "twr_gmc8c2_d320_lra_listops_100ep",
  "seed": 7,
  "throughput": 3972.453457430732
}