{
  "approx_flops_per_example": 16777216,
  "avg_active_slots": 255.0,
  "avg_active_think_slots": 46.95340431213379,
  "avg_effective_depth": 4.104039540290833,
  "avg_slot_gate": 0.36682346761226653,
  "avg_step_gate": 0.7760098886489868,
  "dataset_name": "pietrolesci/hyperpartisan_news_detection",
  "depth_difficulty_corr": 0.8672670149803161,
  "epoch": 3,
  "final_train_loss": 0.5461808999379476,
  "final_val_accuracy": 0.4975,
  "final_val_f1": 0.6230686068534851,
  "final_val_loss": 0.7238083183765411,
  "model_name": "twr",
  "parameter_count": 462920,
  "peak_gpu_memory_mb": 34.3779296875,
  "run_name": "twr_backbone_hyperpartisan_lean",
  "seed": 7,
  "throughput": 2634.7614461987887
}