{
  "approx_flops_per_example": 16777216,
  "avg_active_slots": 255.0,
  "avg_active_think_slots": 49.83292678833008,
  "avg_effective_depth": 4.380007352828979,
  "avg_slot_gate": 0.3893197453022003,
  "avg_step_gate": 0.8450018453598023,
  "dataset_name": "pietrolesci/hyperpartisan_news_detection",
  "depth_difficulty_corr": 0.8799364843964577,
  "epoch": 12,
  "final_train_loss": 0.3171678734384477,
  "final_val_accuracy": 0.5275,
  "final_val_f1": 0.5536218357086181,
  "final_val_loss": 1.806482975780964,
  "model_name": "twr",
  "parameter_count": 462920,
  "peak_gpu_memory_mb": 34.3779296875,
  "run_name": "twr_backbone_hyperpartisan_lean",
  "seed": 7,
  "throughput": 2635.7052802608955
}