{
  "avg_active_think_slots": 26.803393959999084,
  "avg_slot_gate": 0.4254507254809141,
  "avg_step_gate": 0.9017994478344917,
  "depth_difficulty_corr": 0.9027285687625408,
  "run_name": "twr_backbone_lra_listops_lean_window6",
  "sample_wise_depth_distribution": [
    4.551077842712402,
    4.54384708404541,
    4.549732685089111,
    4.704899787902832,
    4.7947001457214355,
    4.801807880401611,
    4.804860591888428,
    4.489326477050781,
    4.622950553894043,
    4.520236015319824,
    4.440280914306641,
    4.645900726318359,
    4.640555381774902,
    4.653215408325195,
    4.534058570861816,
    4.662290096282959,
    4.675930500030518,
    4.5095014572143555,
    4.75315523147583,
    4.773736000061035,
    4.5822038650512695,
    4.610998630523682,
    4.444455146789551,
    4.782811164855957,
    4.487973213195801,
    4.739384651184082,
    4.541635990142822,
    4.62698221206665,
    4.756194114685059,
    4.504316329956055,
    4.47904109954834,
    4.652194023132324,
    4.690245628356934,
    4.704352855682373,
    4.680535316467285,
    4.608254432678223,
    4.488282203674316,
    4.561388969421387,
    4.739333152770996,
    4.600831031799316,
    4.574947357177734,
    4.78192138671875,
    4.508940696716309,
    4.591719627380371,
    4.73013973236084,
    4.703871726989746,
    4.789539813995361,
    4.6505537033081055,
    4.655807971954346,
    4.487427711486816,
    4.665764331817627,
    4.475337028503418,
    4.550169467926025,
    4.5917558670043945,
    4.5262556076049805,
    4.609466075897217,
    4.536459445953369,
    4.7828216552734375,
    4.6318440437316895,
    4.4415788650512695,
    4.606571197509766,
    4.663379192352295,
    4.658600807189941,
    4.731044769287109,
    4.672329902648926,
    4.7616143226623535,
    4.609658241271973,
    4.454200744628906,
    4.549893379211426,
    4.493552207946777,
    4.4464192390441895,
    4.509457111358643,
    4.436343669891357,
    4.638184547424316,
    4.691826820373535,
    4.717741966247559,
    4.704043388366699,
    4.641974449157715,
    4.53942346572876,
    4.435901641845703,
    4.7557759284973145,
    4.7320404052734375,
    4.480324745178223,
    4.686124801635742,
    4.646923542022705,
    4.664230823516846,
    4.551626205444336,
    4.696786403656006,
    4.758046627044678,
    4.682729721069336,
    4.433635234832764,
    4.4688801765441895,
    4.794257164001465,
    4.570082664489746,
    4.593408107757568,
    4.688045501708984,
    4.553658962249756,
    4.592738628387451,
    4.554892539978027,
    4.750739574432373,
    4.514626502990723,
    4.515714645385742,
    4.713393211364746,
    4.544363975524902,
    4.503142833709717,
    4.777724266052246,
    4.70366907119751,
    4.8055644035339355,
    4.642848968505859,
    4.533847808837891,
    4.622683048248291,
    4.6249847412109375,
    4.728307247161865,
    4.478610992431641,
    4.649173736572266,
    4.5153093338012695,
    4.617015838623047,
    4.711649417877197,
    4.581753730773926,
    4.592512130737305,
    4.737567901611328,
    4.437972068786621,
    4.538096904754639,
    4.566744327545166,
    4.4831695556640625,
    4.673610687255859,
    4.622776508331299,
    4.546506881713867,
    4.584284782409668,
    4.655107021331787,
    4.629049301147461,
    4.434747695922852,
    4.772069931030273,
    4.612700462341309,
    4.648258686065674,
    4.782967567443848,
    4.676566123962402,
    4.522700309753418,
    4.658573627471924,
    4.513243675231934,
    4.494721412658691,
    4.759881973266602,
    4.690826892852783,
    4.69569730758667,
    4.5045318603515625,
    4.590579986572266,
    4.629826545715332,
    4.551665782928467,
    4.600197792053223,
    4.66164493560791,
    4.727496147155762,
    4.496814727783203,
    4.554865837097168,
    4.502456188201904,
    4.515748500823975,
    4.717750549316406,
    4.433633804321289,
    4.633796691894531,
    4.556103706359863,
    4.466531753540039,
    4.759914875030518,
    4.562837600708008,
    4.705362796783447,
    4.595887660980225,
    4.602563381195068,
    4.5043864250183105,
    4.536162376403809,
    4.548351287841797,
    4.57547664642334,
    4.590014457702637,
    4.76298713684082,
    4.602867126464844,
    4.76073694229126,
    4.505387306213379,
    4.783997535705566,
    4.516386032104492,
    4.4497880935668945,
    4.613581657409668,
    4.494872093200684,
    4.661076545715332,
    4.614282131195068,
    4.452082633972168,
    4.620938777923584,
    4.484752655029297,
    4.567798137664795,
    4.750164031982422,
    4.544029712677002,
    4.479033946990967,
    4.723541736602783,
    4.716893672943115,
    4.710357666015625,
    4.632046222686768,
    4.655267715454102,
    4.781604766845703,
    4.439201354980469,
    4.537381172180176,
    4.435487747192383,
    4.520972728729248,
    4.703073501586914,
    4.499023914337158,
    4.755185127258301,
    4.626913547515869,
    4.6464948654174805,
    4.437049388885498,
    4.607365608215332,
    4.643591403961182,
    4.558111667633057,
    4.479901313781738,
    4.649463653564453,
    4.706589698791504,
    4.4925055503845215,
    4.528660774230957,
    4.525724411010742,
    4.499503135681152,
    4.4395751953125,
    4.612581253051758,
    4.443986415863037,
    4.672983169555664,
    4.802408218383789,
    4.688816547393799,
    4.644448280334473,
    4.737831115722656,
    4.717320442199707,
    4.743505477905273,
    4.610067844390869,
    4.759401321411133,
    4.438669204711914,
    4.488192558288574,
    4.504743576049805,
    4.643248081207275,
    4.659737586975098,
    4.599200248718262,
    4.438185691833496,
    4.710689544677734,
    4.4619340896606445,
    4.785653114318848,
    4.434861183166504,
    4.685226917266846,
    4.50016450881958,
    4.807087421417236,
    4.444851875305176,
    4.803408145904541,
    4.7022175788879395,
    4.441170692443848,
    4.549041271209717,
    4.693539142608643,
    4.669346332550049,
    4.523253440856934,
    4.442720413208008,
    4.727043151855469,
    4.479272842407227,
    4.790652751922607,
    4.743841648101807,
    4.522268295288086,
    4.666654586791992,
    4.5456366539001465,
    4.434199333190918,
    4.481374263763428,
    4.745327472686768,
    4.446086883544922,
    4.548576354980469,
    4.559637069702148,
    4.568226337432861,
    4.5641326904296875,
    4.678092956542969,
    4.562241077423096,
    4.776723861694336,
    4.556989669799805,
    4.4349894523620605,
    4.714230537414551,
    4.728730201721191,
    4.444561004638672,
    4.531554222106934,
    4.4423322677612305,
    4.50539493560791,
    4.521137237548828,
    4.678887367248535,
    4.667028427124023,
    4.68816614151001,
    4.700456619262695,
    4.689068794250488,
    4.522684574127197,
    4.556310653686523,
    4.520534515380859,
    4.53346061706543,
    4.752025604248047,
    4.688894748687744,
    4.56901741027832,
    4.649190425872803,
    4.681575298309326,
    4.584407806396484,
    4.633488655090332,
    4.585848331451416,
    4.669625282287598,
    4.761220455169678,
    4.516395092010498,
    4.486316680908203,
    4.750359058380127,
    4.45402717590332,
    4.444527626037598,
    4.812056064605713,
    4.757968902587891,
    4.431069374084473,
    4.539590835571289,
    4.58607292175293,
    4.508207321166992,
    4.743812561035156,
    4.475587368011475,
    4.5477752685546875,
    4.452575206756592,
    4.777451038360596,
    4.5366034507751465,
    4.6740498542785645,
    4.522317886352539,
    4.697453498840332,
    4.606203079223633,
    4.633405685424805,
    4.446470737457275,
    4.441364288330078,
    4.569741725921631,
    4.522866249084473,
    4.469779968261719,
    4.8131103515625,
    4.674546241760254,
    4.561883926391602,
    4.44071102142334,
    4.653744220733643,
    4.505551338195801,
    4.753350257873535,
    4.65703010559082,
    4.716683864593506,
    4.768177032470703,
    4.704362392425537,
    4.635174751281738,
    4.7730512619018555,
