{
  "approx_flops_per_example": 4194304,
  "avg_active_slots": 126.0,
  "avg_active_think_slots": 26.332693457603455,
  "avg_effective_depth": 4.531620055437088,
  "avg_slot_gate": 0.41797928139567375,
  "avg_step_gate": 0.8829049989581108,
  "dataset_name": "dataset",
  "depth_difficulty_corr": 0.9016096480190754,
  "epoch": 15,
  "final_train_loss": 2.2220427729189396,
  "final_val_accuracy": 0.16796875,
  "final_val_f1": 0.0,
  "final_val_loss": 2.2033150494098663,
  "model_name": "twr",
  "parameter_count": 69296,
  "peak_gpu_memory_mb": 42.29443359375,
  "run_name": "twr_backbone_lra_listops_lean_window6",
  "seed": 7,
  "throughput": 10476.738243838196
}