{
  "approx_flops_per_example": 16777216,
  "avg_active_slots": 253.0,
  "avg_active_think_slots": 34.49106192588806,
  "avg_effective_depth": 6.003193378448486,
  "avg_slot_gate": 0.27158315293490887,
  "avg_step_gate": 0.8338655829429626,
  "dataset_name": "dataset",
  "depth_difficulty_corr": -0.2525034637656063,
  "epoch": 8,
  "final_train_loss": 2.7728888392448425,
  "final_val_accuracy": 0.060546875,
  "final_val_f1": 0.0,
  "final_val_loss": 2.786759063601494,
  "model_name": "twr",
  "parameter_count": 71494,
  "peak_gpu_memory_mb": 77.82177734375,
  "run_name": "twr_backbone_ruler_needle_lean",
  "seed": 7,
  "throughput": 6662.185053144401
}