{
  "approx_flops_per_example": 16777216,
  "avg_active_slots": 253.0,
  "avg_active_think_slots": 36.04246973991394,
  "avg_effective_depth": 6.237117379903793,
  "avg_slot_gate": 0.28379895351827145,
  "avg_step_gate": 0.8728529065847397,
  "dataset_name": "dataset",
  "depth_difficulty_corr": -0.4394121700897813,
  "epoch": 2,
  "final_train_loss": 2.8352083191275597,
  "final_val_accuracy": 0.095703125,
  "final_val_f1": 0.0,
  "final_val_loss": 2.791398450732231,
  "model_name": "twr",
  "parameter_count": 71494,
  "peak_gpu_memory_mb": 77.82177734375,
  "run_name": "twr_backbone_ruler_needle_lean",
  "seed": 7,
  "throughput": 6664.162322927921
}