{
  "approx_flops_per_example": 16777216,
  "avg_active_slots": 506.0,
  "avg_active_think_slots": 70.90427185058594,
  "avg_effective_depth": 5.8601498031616215,
  "avg_slot_gate": 0.28025402784347536,
  "avg_step_gate": 0.8100249624252319,
  "dataset_name": "dataset",
  "depth_difficulty_corr": 0.0,
  "epoch": 1,
  "final_train_loss": 3.79477552096049,
  "final_val_accuracy": 0.18,
  "final_val_f1": 0.0,
  "final_val_loss": 3.3970101356506346,
  "model_name": "twr",
  "parameter_count": 471873,
  "peak_gpu_memory_mb": 41.109375,
  "run_name": "twr_backbone_longbench_trec_lean",
  "seed": 7,
  "throughput": 1311.372700864486
}