{
  "avg_active_think_slots": 27.22561490535736,
  "avg_slot_gate": 0.42540024034678936,
  "avg_step_gate": 0.9243345968425274,
  "depth_difficulty_corr": -0.861693300306797,
  "run_name": "twr_backbone_lra_listops_lean",
  "sample_wise_depth_distribution": [
    4.701788902282715,
    4.699011325836182,
    4.703804016113281,
    4.700190544128418,
    4.683087348937988,
    4.68252420425415,
    4.685705661773682,
    4.706233024597168,
    4.695699214935303,
    4.697443008422852,
    4.714249610900879,
    4.697971820831299,
    4.700305938720703,
    4.6890411376953125,
    4.706158638000488,
    4.697739124298096,
    4.694192886352539,
    4.704157829284668,
    4.682722091674805,
    4.69047737121582,
    4.700991630554199,
    4.698695659637451,
    4.7137346267700195,
    4.685839653015137,
    4.707106590270996,
    4.680375576019287,
    4.700491905212402,
    4.69650936126709,
    4.670070648193359,
    4.697675704956055,
    4.700672149658203,
    4.692853927612305,
    4.68505859375,
    4.672852516174316,
    4.681256294250488,
    4.702304840087891,
    4.706806182861328,
    4.706878185272217,
    4.674383163452148,
    4.6916327476501465,
    4.7048773765563965,
    4.694777011871338,
    4.7079315185546875,
    4.699676513671875,
    4.677265167236328,
    4.688318252563477,
    4.684986591339111,
    4.691644191741943,
    4.696871280670166,
    4.703765869140625,
    4.692177772521973,
    4.703958511352539,
    4.700936317443848,
    4.699038982391357,
    4.704479217529297,
    4.691455364227295,
    4.705319404602051,
    4.685164451599121,
    4.686586380004883,
    4.7142815589904785,
    4.6949357986450195,
    4.686525344848633,
    4.6934614181518555,
    4.6792144775390625,
    4.693464279174805,
    4.683053970336914,
    4.6961164474487305,
    4.713644504547119,
    4.700196743011475,
    4.698709011077881,
    4.713423252105713,
    4.70863151550293,
    4.7132134437561035,
    4.691763401031494,
    4.6828413009643555,
    4.685963153839111,
    4.690542697906494,
    4.6977458000183105,
    4.700455665588379,
    4.71441125869751,
    4.680606842041016,
    4.685558319091797,
    4.703202247619629,
    4.700231075286865,
    4.6993489265441895,
    4.688300609588623,
    4.703586578369141,
    4.677663803100586,
    4.673898696899414,
    4.689289569854736,
    4.714234352111816,
    4.704958438873291,
    4.679457664489746,
    4.7002387046813965,
    4.695706367492676,
    4.694476127624512,
    4.700774192810059,
    4.690733432769775,
    4.696696758270264,
    4.680254936218262,
    4.70143985748291,
    4.699997901916504,
    4.689749717712402,
    4.696861267089844,
    4.705801010131836,
    4.683550834655762,
    4.69453763961792,
    4.692502498626709,
    4.697178363800049,
    4.701647758483887,
    4.692859649658203,
    4.704361915588379,
    4.686120986938477,
    4.705190181732178,
    4.696550369262695,
    4.706843376159668,
    4.69169807434082,
    4.6738128662109375,
    4.7023820877075195,
    4.693243503570557,
    4.695535659790039,
    4.714260101318359,
    4.703595161437988,
    4.7009382247924805,
    4.707215309143066,
    4.69115686416626,
    4.697844982147217,
    4.701688289642334,
    4.69505500793457,
    4.694565773010254,
    4.697617053985596,
    4.714821815490723,
    4.674694538116455,
    4.698272705078125,
    4.694983959197998,
    4.68501091003418,
    4.693400859832764,
    4.708520889282227,
    4.695690631866455,
    4.705840110778809,
    4.7054548263549805,
    4.682918548583984,
    4.683777809143066,
    4.690823554992676,
    4.708338260650635,
    4.696717739105225,
    4.698441982269287,
    4.700979709625244,
    4.700692176818848,
    4.708890438079834,
    4.682502269744873,
    4.710221767425537,
    4.700211524963379,
    4.705158233642578,
    4.7026238441467285,
    4.684189796447754,
    4.713909149169922,
    4.698232650756836,
    4.697465896606445,
    4.705827713012695,
    4.677657127380371,
    4.703667640686035,
    4.699268341064453,
    4.694158554077148,
    4.698782444000244,
    4.709914684295654,
    4.708152770996094,
    4.701233863830566,
    4.69888973236084,
    4.696103572845459,
    4.678170680999756,
    4.697197914123535,
    4.68415641784668,
    4.707557201385498,
    4.692277908325195,
    4.708953857421875,
    4.712982177734375,
    4.687612533569336,
    4.7089524269104,
    4.696178436279297,
    4.698287487030029,
    4.709782123565674,
    4.697338104248047,
    4.71263313293457,
    4.7039031982421875,
    4.679316997528076,
    4.696293830871582,
    4.706635475158691,
    4.686105728149414,
    4.689262866973877,
    4.690567493438721,
    4.700073719024658,
    4.693310737609863,
    4.685206413269043,
    4.713375568389893,
    4.703517436981201,
    4.712745666503906,
    4.696959495544434,
    4.698277950286865,
    4.707226276397705,
    4.681044101715088,
    4.694921493530273,
    4.693361282348633,
    4.714744567871094,
    4.69970703125,
    4.7003607749938965,
    4.702764511108398,
    4.706462383270264,
    4.695256233215332,
    4.6937713623046875,
    4.710433006286621,
    4.702330112457275,
    4.708703994750977,
    4.708832263946533,
    4.713384628295898,
    4.699311256408691,
    4.711816787719727,
    4.695131301879883,
    4.689327239990234,
    4.700607776641846,
    4.69584846496582,
    4.686574459075928,
    4.68356466293335,
    4.6920247077941895,
    4.691230773925781,
    4.688226699829102,
    4.714662551879883,
    4.707897663116455,
    4.702045917510986,
    4.700063705444336,
    4.696843147277832,
    4.691979885101318,
    4.715644359588623,
    4.681055545806885,
    4.703197956085205,
    4.695679664611816,
    4.714203834533691,
    4.696225643157959,
    4.7008490562438965,
    4.688107490539551,
    4.713555335998535,
    4.688267707824707,
    4.684286117553711,
    4.715235710144043,
    4.706150054931641,
    4.690924644470215,
    4.6971282958984375,
    4.703348636627197,
    4.7126078605651855,
    4.691411972045898,
    4.70681619644165,
    4.686654567718506,
    4.67618465423584,
    4.695918083190918,
    4.698898792266846,
    4.6993231773376465,
    4.713386058807373,
    4.710286617279053,
    4.676686763763428,
    4.7113847732543945,
    4.704419136047363,
    4.705803871154785,
    4.695528984069824,
    4.697855472564697,
    4.684808731079102,
    4.702481269836426,
    4.672890663146973,
    4.698917388916016,
    4.714102745056152,
    4.6891255378723145,
    4.674832820892334,
    4.712765216827393,
    4.703895568847656,
    4.714241981506348,
    4.704132556915283,
    4.7077860832214355,
    4.686456680297852,
    4.689314365386963,
    4.688960552215576,
    4.692386150360107,
    4.682467937469482,
    4.703726768493652,
    4.705882549285889,
    4.709197998046875,
    4.701700687408447,
    4.684122562408447,
    4.695158004760742,
    4.697850227355957,
    4.698139190673828,
    4.6938371658325195,
    4.689196586608887,
    4.701356887817383,
    4.699040412902832,
    4.703388214111328,
    4.686080455780029,
    4.698270797729492,
    4.706949234008789,
    4.683849811553955,
    4.711774826049805,
    4.711017608642578,
    4.683596611022949,
    4.685382843017578,
    4.712005615234375,
    4.707970142364502,
    4.6993818283081055,
    4.702781677246094,
    4.685352802276611,
    4.70921516418457,
    4.701441764831543,
    4.711721420288086,
    4.685741424560547,
    4.693266868591309,
    4.701074600219727,
    4.702245712280273,
    4.6768012046813965,
    4.69663143157959,
    4.689911842346191,
    4.713740348815918,
    4.714646816253662,
    4.702509880065918,
    4.705984592437744,
    4.710635185241699,
    4.672757148742676,
    4.696554183959961,
    4.706199645996094,
    4.713464736938477,
    4.6919074058532715,
    4.702281951904297,
    4.682338714599609,
    4.676911354064941,
    4.69047737121582,
    4.6892313957214355,
    4.691639423370361,
    4.688547134399414,
    4.680001258850098,
    4.685876846313477,
