{
  "approx_flops_per_example": 4194304,
  "avg_active_slots": 127.0,
  "avg_active_think_slots": 27.22561490535736,
  "avg_effective_depth": 4.6973384618759155,
  "avg_slot_gate": 0.42540024034678936,
  "avg_step_gate": 0.9243345968425274,
  "dataset_name": "dataset",
  "depth_difficulty_corr": -0.861693300306797,
  "epoch": 13,
  "final_train_loss": 2.0248255766928196,
  "final_val_accuracy": 0.251953125,
  "final_val_f1": 0.0,
  "final_val_loss": 2.0813341215252876,
  "model_name": "twr",
  "parameter_count": 52096,
  "peak_gpu_memory_mb": 37.20458984375,
  "run_name": "twr_backbone_lra_listops_lean",
  "seed": 7,
  "throughput": 6061.612531261238
}