{
  "avg_active_think_slots": 0.23626101203262806,
  "avg_slot_gate": 0.11813050601631403,
  "avg_step_gate": 0.15533456951379776,
  "depth_difficulty_corr": 0.8690548315644264,
  "run_name": "twr_debug",
  "sample_wise_depth_distribution": [
    1.5706698894500732,
    1.3763153553009033,
    1.3230496644973755,
    1.4313454627990723,
    1.4060410261154175,
    1.29633367061615,
    1.2560834884643555,
    1.310417890548706,
    1.3699623346328735,
    2.0594000816345215,
    1.4089000225067139,
    1.9276163578033447,
    1.217847466468811,
    1.3121657371520996,
    1.298360824584961,
    1.2992937564849854,
    1.6612656116485596,
    1.331554651260376,
    1.9007755517959595,
    1.2907893657684326,
    2.3470351696014404,
    1.3230708837509155,
    1.8947687149047852,
    2.0759639739990234,
    1.8228988647460938,
    2.140481472015381,
    1.6446003913879395,
    1.3584668636322021,
    1.2664653062820435,
    2.016666889190674,
    2.0697145462036133,
    2.0593461990356445,
    1.8456376791000366,
    1.4409141540527344,
    1.255169153213501,
    2.337902069091797,
    1.4931724071502686,
    2.109210968017578,
    2.355356454849243,
    1.4724472761154175,
    1.9916894435882568,
    1.7851057052612305,
    1.307478666305542,
    2.3725993633270264,
    1.3303413391113281,
    2.069540023803711,
    1.495985984802246,
    1.7300875186920166,
    1.504307508468628,
    1.5491468906402588,
    1.5389336347579956,
    1.2686907052993774,
    2.234189987182617,
    2.1641764640808105,
    1.6960406303405762,
    1.4000264406204224,
    1.7755405902862549,
    1.2228094339370728,
    1.883091926574707,
    1.3029733896255493,
    2.0360724925994873,
    1.4643895626068115,
    1.19309401512146,
    1.213758111000061,
    1.3916728496551514,
    1.2707871198654175,
    2.1146273612976074,
    1.381082534790039,
    1.4170684814453125,
    1.3610893487930298,
    1.9416122436523438,
    1.788414716720581,
    1.3158268928527832,
    1.3808376789093018,
    1.4281792640686035,
    1.1825761795043945,
    1.1917163133621216,
    2.2536494731903076,
    1.4017503261566162,
    1.4077597856521606,
    1.5256701707839966,
    1.3108842372894287,
    1.6831783056259155,
    1.2679134607315063,
    1.2678323984146118,
    1.4681808948516846,
    1.648270845413208,
    2.1268444061279297,
    1.770668625831604,
    1.2982425689697266,
    1.7181429862976074,
    1.933091640472412,
    1.3718218803405762,
    1.6334995031356812,
    2.321559429168701,
    1.7307491302490234,
    1.428178071975708,
    1.953790545463562,
    1.2820467948913574,
    1.75471031665802,
    1.8796254396438599,
    1.4912774562835693,
    1.730402946472168,
    1.8764770030975342,
    1.2738182544708252,
    1.472959041595459,
    1.689479112625122,
    2.3377151489257812,
    1.57918119430542,
    1.331951379776001,
    2.1040687561035156,
    1.3118048906326294,
    1.520956039428711,
    2.2956461906433105,
    1.3808677196502686,
    1.8690528869628906,
    1.902468204498291,
    1.9293473958969116,
    1.455359697341919,
    1.2921082973480225,
    2.2755110263824463,
    2.076716899871826,
    1.5043070316314697,
    1.8206710815429688,
    1.3010247945785522,
    1.674202799797058,
    2.2868387699127197,
    2.002624988555908,
    2.02325439453125,
    1.306250810623169,
    1.4117933511734009,
    2.331637382507324,
    1.4537067413330078,
    2.243690252304077,
    1.5066121816635132,
    2.1141176223754883,
    1.3664357662200928,
    1.8456666469573975,
    2.332764148712158,
    1.6429506540298462,
    1.9517881870269775,
    1.278849482536316,
    2.0499563217163086,
    1.3847014904022217,
    1.697890281677246,
    1.231889247894287,
    1.9982280731201172,
    1.4370087385177612,
    1.4060274362564087,
    1.9942821264266968,
    1.4353532791137695,
    1.2964534759521484,
    1.2323678731918335,
    2.2376132011413574,
    1.6089463233947754,
    1.2368013858795166,
    1.4625577926635742,
    1.3535422086715698,
    1.8290016651153564,
    1.440523386001587,
    1.6780685186386108,
    1.3509397506713867,
    1.311435580253601,
    1.428812026977539,
    1.9881834983825684,
    1.3267736434936523,
    1.8785263299942017,
    1.3327527046203613,
    1.3539998531341553,
    2.3503243923187256,
    2.0707147121429443,
    1.386685848236084,
    1.4476535320281982,
    1.8147659301757812,
    1.9490125179290771,
    1.3150851726531982,
    1.7518327236175537,
    1.2755552530288696,
    1.3635578155517578,
    1.2791028022766113,
    2.1115424633026123,
    1.82084321975708,
    1.5649278163909912,
    1.3752820491790771,
    1.2267615795135498,
    1.9962153434753418,
    1.4272964000701904,
    1.2775633335113525,
    1.5890171527862549,
    1.6193313598632812,
    1.2940120697021484,
    1.3891124725341797,
    2.1824538707733154,
    1.3263521194458008,
    1.5478734970092773,
    1.6480790376663208,
    1.308400273323059,
    2.0824851989746094,
    2.0187249183654785,
    1.272003412246704,
    1.645430326461792,
    1.4180068969726562,
    1.7913545370101929,
    1.7956147193908691,
    1.480583906173706,
    1.645918846130371,
    1.5306822061538696,
    1.3049182891845703,
    1.6303824186325073,
    1.5284746885299683,
    1.507341742515564,
    1.3124638795852661,
    1.251006841659546,
    1.431766390800476,
    1.8231580257415771,
    1.3771202564239502,
    1.3545348644256592,
    2.0151803493499756,
    1.4015079736709595,
    1.1966872215270996,
    1.2654926776885986,
    1.621771216392517,
    1.3813292980194092,
    1.226152777671814,
    1.2704600095748901,
    1.2453866004943848,
    1.4265847206115723,
    1.4419655799865723,
    1.8198044300079346,
    1.3652820587158203,
    1.9283483028411865,
    1.790747046470642,
    1.3306635618209839,
    1.9431326389312744,
    1.3548197746276855,
    2.2093334197998047,
    1.9290859699249268,
    1.4396337270736694,
    1.334110975265503,
    1.3433396816253662,
    2.2279810905456543,
    2.0648818016052246,
    1.4738590717315674,
    1.3386738300323486,
    1.4219335317611694,
    1.4445664882659912,
    2.01206111907959,
    1.5720758438110352,
    1.5159990787506104,
    1.5553510189056396,
    1.5847046375274658,
    1.7843918800354004,
    2.0958974361419678,
    2.1040806770324707,
    1.224193811416626,
    1.3597068786621094
  ],
  "slot_usage_histogram": [
    0.1687059998512268,
    0.1700056791305542,
    0.169685497879982,
    0.167992502450943,
    0.16842181980609894,
    0.15518850088119507
  ],
  "think_slot_usage_histogram": [
    0.6180623769760132,
    0.6209902763366699,
    0.2125481367111206
  ]
}