{
  "avg_active_think_slots": 7.6435546875,
  "avg_slot_gate": 0.4945484772324562,
  "avg_step_gate": 0.4632819816470146,
  "depth_difficulty_corr": -0.32350041158497334,
  "run_name": "twr_debug",
  "sample_wise_depth_distribution": [
    1.8577344417572021,
    1.9193156957626343,
    1.8660643100738525,
    1.7980375289916992,
    1.842160940170288,
    1.8124911785125732,
    1.8437904119491577,
    1.8913487195968628,
    1.9203896522521973,
    1.8129713535308838,
    1.8890135288238525,
    1.774781584739685,
    1.8647091388702393,
    1.8530142307281494,
    1.9014705419540405,
    1.9012620449066162,
    1.8414084911346436,
    1.8392577171325684,
    1.8334745168685913,
    1.8766205310821533,
    1.8046538829803467,
    1.865220069885254,
    1.929813265800476,
    1.8098855018615723,
    1.8025870323181152,
    1.879646897315979,
    1.8853058815002441,
    1.8441017866134644,
    1.8631778955459595,
    1.826393485069275,
    1.8546137809753418,
    1.798534870147705,
    1.8434683084487915,
    1.8507587909698486,
    1.8500492572784424,
    1.8199784755706787,
    1.9698514938354492,
    1.8232526779174805,
    1.807837963104248,
    1.8395622968673706,
    1.8133158683776855,
    1.825636386871338,
    1.8115533590316772,
    1.8830766677856445,
    1.8278348445892334,
    1.8619424104690552,
    1.8754262924194336,
    1.7795900106430054,
    1.817655086517334,
    1.9202938079833984,
    1.8428897857666016,
    1.8722623586654663,
    1.8358707427978516,
    1.8569841384887695,
    1.8271162509918213,
    1.8414626121520996,
    1.815259337425232,
    1.839768886566162,
    1.8058592081069946,
    1.8815078735351562,
    1.8108174800872803,
    1.7739131450653076,
    2.0067315101623535,
    1.9122142791748047,
    1.8996429443359375,
    1.8957256078720093,
    1.814665675163269,
    1.8427708148956299,
    1.8489930629730225,
    1.8108282089233398,
    1.8632373809814453,
    1.8714919090270996,
    1.8431315422058105,
    1.8587183952331543,
    1.875126838684082,
    1.891150951385498,
    1.8786323070526123,
    1.7774096727371216,
    1.917373538017273,
    1.913275957107544,
    1.8811986446380615,
    1.918307900428772,
    1.7609405517578125,
    1.8372104167938232,
    1.874596357345581,
    1.912423849105835,
    1.9151095151901245,
    1.8637466430664062,
    1.8619585037231445,
    1.8117320537567139,
    1.8329133987426758,
    1.8613851070404053,
    1.7849911451339722,
    1.8881727457046509,
    1.879766583442688,
    1.838346242904663,
    1.8132009506225586,
    1.824388861656189,
    1.8466761112213135,
    1.8798065185546875,
    1.8749746084213257,
    1.8411225080490112,
    1.8529605865478516,
    1.851359486579895,
    1.8416547775268555,
    1.883510708808899,
    1.8889788389205933,
    1.8448461294174194,
    1.8497244119644165,
    1.8639863729476929,
    1.8914796113967896,
    1.828528642654419,
    1.8429783582687378,
    1.8366605043411255,
    1.7303292751312256,
    1.7668670415878296,
    1.8103797435760498,
    1.8704719543457031,
    1.8806923627853394,
    1.8829433917999268,
    1.7875678539276123,
    1.8252841234207153,
    1.9161957502365112,
    1.83292818069458,
    1.8424468040466309,
    1.8388980627059937,
    1.7899465560913086,
    1.8650524616241455,
    1.8857344388961792,
    1.8597593307495117,
    1.7943220138549805,
    1.809132695198059,
    1.8484470844268799,
    1.823156714439392,
    1.882967472076416,
    1.831098198890686,
    1.8883599042892456,
    1.8421467542648315,
    1.8516782522201538,
    1.7860980033874512,
    1.8209149837493896,
    1.9330304861068726,
    1.8203188180923462,
    1.8836982250213623,
    1.8431907892227173,
    1.8833481073379517,
    1.822202205657959,
    1.8489670753479004,
    1.8130972385406494,
    1.8166040182113647,
    1.8700370788574219,
    1.8620426654815674,
    1.8194148540496826,
    1.8294236660003662,
    1.8916139602661133,
    1.8122707605361938,
    1.8658190965652466,
    1.9148284196853638,
    1.881378412246704,
    1.9261112213134766,
    1.793884038925171,
    1.8887622356414795,
    1.8801642656326294,
    1.9129363298416138,
    1.8447418212890625,
    1.855785608291626,
    1.7200523614883423,
    1.8230539560317993,
    1.8073725700378418,
    1.8719199895858765,
    1.8791817426681519,
    1.8955721855163574,
    1.8808112144470215,
    1.8552125692367554,
    1.7684009075164795,
    1.9316325187683105,
    1.804002285003662,
    1.8881062269210815,
    1.8114622831344604,
    1.8189525604248047,
    1.890223741531372,
    1.8229990005493164,
    1.8717362880706787,
    1.831726312637329,
    1.8709444999694824,
    1.827959418296814,
    1.9536545276641846,
    1.880968451499939,
    1.8596539497375488,
    1.8808618783950806,
    1.8884961605072021,
    1.8557946681976318,
    1.8342673778533936,
    1.847809076309204,
    1.8674145936965942,
    1.8905707597732544,
    1.8146777153015137,
    1.8551692962646484,
    1.8661359548568726,
    1.8260352611541748,
    1.781296730041504,
    1.9374918937683105,
    1.856688380241394,
    1.8319958448410034,
    1.860824465751648,
    1.9747027158737183,
    1.8705146312713623,
    1.9213695526123047,
    1.89056396484375,
    1.8734631538391113,
    1.856236219406128,
    1.863734483718872,
    1.7907953262329102,
    1.8187685012817383,
    1.8601107597351074,
    1.8515565395355225,
    1.8723005056381226,
    1.8362147808074951,
    1.8477683067321777,
    1.9315636157989502,
    1.968665599822998,
    1.844893217086792,
    1.8601574897766113,
    1.8690284490585327,
    1.8302814960479736,
    1.864020586013794,
    1.7929432392120361,
    1.9251402616500854,
    1.8106164932250977,
    1.9519845247268677,
    1.7817399501800537,
    1.7950408458709717,
    1.9246348142623901,
    1.8118774890899658,
    1.8482136726379395,
    1.822352409362793,
    1.8157870769500732,
    1.8739559650421143,
    1.896485686302185,
    1.7633938789367676,
    1.8352478742599487,
    1.8151159286499023,
    1.915989875793457,
    1.8582245111465454,
    1.8570094108581543,
    1.8936535120010376,
    1.8119922876358032,
    1.7871233224868774,
    1.88914155960083,
    1.7918198108673096,
    1.872599482536316,
    1.813666582107544,
    1.8196535110473633,
    1.904482126235962,
    1.8367747068405151,
    1.919952154159546
  ],
  "slot_usage_histogram": [
    1.0064873695373535,
    0.9997114539146423,
    1.003591775894165,
    0.9931800961494446,
    0.9971588253974915,
    1.0019599199295044,
    1.0027730464935303,
    0.9998860359191895,
    1.0044071674346924,
    0.9896534085273743,
    0.9977560639381409,
    1.004289150238037,
    1.0014959573745728,
    1.000493049621582,
    1.0024421215057373,
    0.9947144389152527
  ],
  "think_slot_usage_histogram": [
    0.502701461315155,
    0.5031001567840576,
    0.4937269687652588,
    0.48554059863090515,
    0.5284939408302307,
    0.527429461479187,
    0.4784456491470337,
    0.4779708683490753,
    0.4822320342063904,
    0.49370652437210083,
    0.48327943682670593,
    0.49016037583351135,
    0.4974215030670166,
    0.49622997641563416,
    0.5007936954498291,
    0.4715427756309509
  ]
}