{
  "avg_slot_gate": 0.5271549001336098,
  "avg_step_gate": 0.49529359489679337,
  "depth_difficulty_corr": 0.4306045472621918,
  "run_name": "twr_debug",
  "sample_wise_depth_distribution": [
    1.9352673292160034,
    1.989924669265747,
    2.010852813720703,
    1.8794207572937012,
    1.9541975259780884,
    1.9400451183319092,
    1.9640815258026123,
    1.9817733764648438,
    1.9767565727233887,
    1.9695384502410889,
    1.9633029699325562,
    1.9619872570037842,
    1.9728633165359497,
    1.9775307178497314,
    1.9640614986419678,
    1.9922672510147095,
    2.023887872695923,
    1.954013705253601,
    2.0129354000091553,
    1.9548370838165283,
    1.967800498008728,
    1.9546401500701904,
    2.066622734069824,
    2.0022377967834473,
    1.9710623025894165,
    2.0181474685668945,
    2.009423017501831,
    1.9232115745544434,
    1.979109287261963,
    2.0201973915100098,
    2.0083236694335938,
    1.9646722078323364,
    2.012423038482666,
    1.9514744281768799,
    1.986121416091919,
    2.0027894973754883,
    2.044443368911743,
    1.9910173416137695,
    1.982442855834961,
    1.9416617155075073,
    1.9806008338928223,
    1.9911563396453857,
    1.9438778162002563,
    2.049976348876953,
    1.9470595121383667,
    2.0361995697021484,
    1.9696450233459473,
    1.9562455415725708,
    1.9186550378799438,
    2.0275373458862305,
    1.98899245262146,
    1.9754767417907715,
    2.0253617763519287,
    2.0286507606506348,
    1.997236967086792,
    1.9768028259277344,
    1.9860610961914062,
    1.9437367916107178,
    1.9827897548675537,
    1.9787274599075317,
    1.9825258255004883,
    1.9434621334075928,
    2.056367874145508,
    1.9734653234481812,
    1.9994804859161377,
    1.9788758754730225,
    2.0040831565856934,
    1.9740970134735107,
    1.9232032299041748,
    1.9398664236068726,
    2.0171358585357666,
    2.0193941593170166,
    1.9412834644317627,
    2.0234601497650146,
    1.9596794843673706,
    1.9639642238616943,
    1.9830800294876099,
    1.9660893678665161,
    1.9842052459716797,
    1.9706181287765503,
    1.9621903896331787,
    1.9670145511627197,
    1.9354270696640015,
    1.969433307647705,
    1.9477894306182861,
    1.9908475875854492,
    2.0468931198120117,
    2.0189058780670166,
    1.999731183052063,
    1.9267581701278687,
    1.9979151487350464,
    2.015557289123535,
    1.9122796058654785,
    1.9689555168151855,
    2.0346105098724365,
    1.9940190315246582,
    1.9418270587921143,
    2.0051472187042236,
    1.9444363117218018,
    2.0361881256103516,
    2.037144184112549,
    1.9294887781143188,
    2.009397029876709,
    2.014638662338257,
    1.9672356843948364,
    1.9625682830810547,
    2.0360686779022217,
    2.0266129970550537,
    2.008119821548462,
    1.9811241626739502,
    2.051595687866211,
    1.9658232927322388,
    1.9461255073547363,
    2.0248489379882812,
    1.8870232105255127,
    1.9312248229980469,
    1.9778709411621094,
    2.0150582790374756,
    2.004802703857422,
    1.9855842590332031,
    1.9582140445709229,
    1.9979145526885986,
    2.0270862579345703,
    2.0009536743164062,
    1.958213210105896,
    1.961890697479248,
    1.9861340522766113,
    2.044484853744507,
    2.0424656867980957,
    1.9421805143356323,
    1.8937311172485352,
    1.9878143072128296,
    1.9523358345031738,
    1.9910905361175537,
    1.9726812839508057,
    1.9942177534103394,
    1.9861506223678589,
    2.0216636657714844,
    2.034637212753296,
    1.966417908668518,
    2.003284215927124,
    2.0039010047912598,
    2.005155324935913,
    1.9883544445037842,
    2.013763666152954,
    1.9821178913116455,
    2.00842547416687,
    1.9671225547790527,
    1.944929599761963,
    1.9837727546691895,
    1.946468710899353,
    1.9723479747772217,
    1.9300898313522339,
    1.9927823543548584,
    1.9913698434829712,
    1.9090052843093872,
    2.006157159805298,
    1.9976156949996948,
    2.0314719676971436,
    1.99134361743927,
    1.96598219871521,
    1.959381103515625,
    2.0008902549743652,
    1.9606753587722778,
    1.9854788780212402,
    1.9667036533355713,
    1.8912112712860107,
    1.9376380443572998,
    1.9336580038070679,
    2.0427746772766113,
    2.0398247241973877,
    1.9782564640045166,
    1.9578208923339844,
    2.025796890258789,
    1.9348149299621582,
    2.0117881298065186,
    1.9875023365020752,
    1.9704174995422363,
    1.901936411857605,
    1.9110270738601685,
    2.0428404808044434,
    1.9889041185379028,
    2.0041918754577637,
    1.9792096614837646,
    2.0053329467773438,
    2.0126214027404785,
    2.0385079383850098,
    2.008713722229004,
    1.9880876541137695,
    1.9932782649993896,
    1.9509544372558594,
    1.9476231336593628,
    2.001758098602295,
    1.959360122680664,
    1.9860429763793945,
    1.9765337705612183,
    1.9489686489105225,
    2.0318546295166016,
    2.012195110321045,
    1.9399285316467285,
    1.9561450481414795,
    2.0041346549987793,
    2.0203795433044434,
    1.9817514419555664,
    1.9546496868133545,
    2.016270637512207,
    1.9661040306091309,
    1.9860069751739502,
    2.0274267196655273,
    1.9825146198272705,
    1.9732000827789307,
    1.9690508842468262,
    1.9350063800811768,
    1.9711730480194092,
    1.9508912563323975,
    2.028242826461792,
    1.968254566192627,
    2.008389472961426,
    1.9484641551971436,
    1.989625096321106,
    2.016197681427002,
    1.9398338794708252,
    1.9327839612960815,
    1.967555284500122,
    1.8976523876190186,
    1.9879522323608398,
    1.9328583478927612,
    2.0064055919647217,
    1.9728114604949951,
    2.009495496749878,
    1.9483819007873535,
    1.9618558883666992,
    1.9937771558761597,
    1.9974241256713867,
    1.9465841054916382,
    1.979871392250061,
    1.964993953704834,
    1.9655194282531738,
    2.006971597671509,
    1.9164553880691528,
    2.0121936798095703,
    1.9919253587722778,
    2.0376710891723633,
    1.941960334777832,
    1.933874249458313,
    1.985432505607605,
    1.9861769676208496,
    1.9052008390426636,
    1.9748830795288086,
    1.946629524230957,
    2.044213056564331,
    1.988173007965088,
    1.9938750267028809,
    2.051244020462036,
    1.9294902086257935,
    2.039611339569092
  ],
  "slot_usage_histogram": [
    1.005532145500183,
    1.0001699924468994,
    1.0036331415176392,
    0.994329571723938,
    0.9984536170959473,
    1.0052554607391357,
    1.0005226135253906,
    0.9986739158630371,
    1.0023952722549438,
    0.9911295771598816,
    0.9956469535827637,
    1.0051450729370117,
    1.0041258335113525,
    0.9968492984771729,
    1.004395842552185,
    0.9937414526939392
  ]
}