{
  "approx_flops_per_example": 32768,
  "avg_active_slots": 15.998781561851501,
  "avg_active_think_slots": 7.6435546875,
  "avg_effective_depth": 1.8531279265880585,
  "avg_slot_gate": 0.4945484772324562,
  "avg_step_gate": 0.4632819816470146,
  "dataset_name": "special_token_parity",
  "depth_difficulty_corr": -0.32350041158497334,
  "final_train_loss": 0.4738268032670021,
  "final_val_accuracy": 0.8203125,
  "final_val_f1": 0.7736796587705612,
  "final_val_loss": 0.3996274657547474,
  "model_name": "twr",
  "parameter_count": 474116,
  "peak_gpu_memory_mb": 28.1328125,
  "run_name": "twr_debug",
  "seed": 7,
  "throughput": 15677.22652614355
}