{
  "approx_flops_per_example": 50331648,
  "avg_active_slots": 255.0,
  "avg_active_think_slots": 51.09270721435547,
  "avg_effective_depth": 4.394440479278565,
  "avg_slot_gate": 0.399161776304245,
  "avg_step_gate": 0.8486101198196411,
  "dataset_name": "pietrolesci/hyperpartisan_news_detection",
  "depth_difficulty_corr": -0.6837857922911644,
  "epoch": 20,
  "final_train_loss": 0.20181177993615468,
  "final_val_accuracy": 0.5575,
  "final_val_f1": 0.6460932493209839,
  "final_val_loss": 0.9859103381633758,
  "model_name": "twr",
  "parameter_count": 2282058,
  "peak_gpu_memory_mb": 85.35693359375,
  "run_name": "twr_gmc8c2_d192_hyperpartisan_100ep",
  "seed": 7,
  "throughput": 1814.0257863047034
}