{
  "avg_active_think_slots": 20.694145679473877,
  "avg_slot_gate": 0.3284784834831953,
  "avg_step_gate": 0.9952041022479534,
  "depth_difficulty_corr": 0.42185876052826643,
  "run_name": "twr_scale17p4m_lra_listops_100ep",
  "sample_wise_depth_distribution": [
    6.972297668457031,
    6.987573146820068,
    6.953734397888184,
    6.97344970703125,
    6.988650321960449,
    6.981453895568848,
    6.981528282165527,
    6.979283332824707,
    6.975316047668457,
    6.977470397949219,
    6.988488674163818,
    6.980408668518066,
    6.957926273345947,
    6.975167274475098,
    6.955097198486328,
    6.9873809814453125,
    6.978815078735352,
    6.937808036804199,
    6.983325004577637,
    6.988718509674072,
    6.981544494628906,
    6.978403568267822,
    6.956085205078125,
    6.9461541175842285,
    6.970047950744629,
    6.988694667816162,
    6.9863386154174805,
    6.9789276123046875,
    6.975213050842285,
    6.968770980834961,
    6.97014045715332,
    6.974550247192383,
    6.978802680969238,
    6.9809956550598145,
    6.976067066192627,
    6.987728595733643,
    6.958121299743652,
    6.966601371765137,
    6.983903884887695,
    6.986037254333496,
    6.988482475280762,
    6.946599960327148,
    6.978230953216553,
    6.948118209838867,
    6.98886775970459,
    6.976506233215332,
    6.9788970947265625,
    6.978675842285156,
    6.978568077087402,
    6.9585490226745605,
    6.975480079650879,
    6.985346794128418,
    6.977266311645508,
    6.96150016784668,
    6.964195251464844,
    6.98749303817749,
    6.961884021759033,
    6.94687557220459,
    6.972528457641602,
    6.904727935791016,
    6.967926979064941,
    6.983641624450684,
    6.968072414398193,
    6.981675624847412,
    6.963293552398682,
    6.970893859863281,
    6.988132476806641,
    6.962857246398926,
    6.97625207901001,
    6.962158203125,
    6.858948230743408,
    6.986346244812012,
    6.930480480194092,
    6.980185508728027,
    6.975820541381836,
    6.978920936584473,
    6.95926570892334,
    6.979868412017822,
    6.970363616943359,
    6.962551116943359,
    6.988725662231445,
    6.983259677886963,
    6.9464826583862305,
    6.960561752319336,
    6.980108737945557,
    6.939785480499268,
    6.965762138366699,
    6.98755407333374,
    6.988329887390137,
    6.98002815246582,
    6.959335803985596,
    6.978275299072266,
    6.988731384277344,
    6.9508209228515625,
    6.988491535186768,
    6.959230422973633,
    6.959205627441406,
    6.977153301239014,
    6.986073017120361,
    6.988889694213867,
    6.988435745239258,
    6.9752655029296875,
    6.987873077392578,
    6.980074882507324,
    6.971941947937012,
    6.9874114990234375,
    6.957976341247559,
    6.982512474060059,
    6.980621337890625,
    6.984501838684082,
    6.9879655838012695,
    6.979151725769043,
    6.9836320877075195,
    6.968433380126953,
    6.9673638343811035,
    6.974944114685059,
    6.986527442932129,
    6.984827041625977,
    6.960668563842773,
    6.96173095703125,
    6.960903167724609,
    6.948733806610107,
    6.982855319976807,
    6.946140289306641,
    6.975841522216797,
    6.980963230133057,
    6.975186347961426,
    6.975647926330566,
    6.983280181884766,
    6.971500396728516,
    6.988135814666748,
    6.942892551422119,
    6.97535514831543,
    6.98311710357666,
    6.980140686035156,
    6.988718032836914,
    6.966208457946777,
    6.982610702514648,
    6.959766387939453,
    6.976468086242676,
    6.975211143493652,
    6.978893756866455,
    6.97717809677124,
    6.924568176269531,
    6.98809289932251,
    6.9883623123168945,
    6.974307060241699,
    6.957205772399902,
    6.982274055480957,
    6.979503631591797,
    6.968040943145752,
    6.9682722091674805,
    6.94137716293335,
    6.95211124420166,
    6.988536357879639,
    6.9826483726501465,
    6.955841064453125,
    6.968119144439697,
    6.9613494873046875,
    6.987163543701172,
    6.9754228591918945,
    6.950995445251465,
    6.981114387512207,
    6.974571228027344,
    6.984860420227051,
    6.974102973937988,
    6.97780704498291,
    6.973567962646484,
    6.94879150390625,
    6.966854572296143,
    6.980871200561523,
    6.966001987457275,
    6.987867832183838,
    6.959906101226807,
    6.988004684448242,
    6.970901012420654,
    6.939350128173828,
    6.976236343383789,
    6.9786858558654785,
    6.947485446929932,
    6.9009318351745605,
    6.987393379211426,
    6.986908912658691,
    6.967098712921143,
    6.979313850402832,
    6.983155250549316,
    6.951498508453369,
    6.988476753234863,
    6.977511405944824,
    6.957971096038818,
    6.979800224304199,
    6.980635643005371,
    6.976727485656738,
    6.9862565994262695,
    6.973651885986328,
    6.985228538513184,
    6.944089889526367,
    6.979253768920898,
    6.97819709777832,
    6.984464168548584,
    6.978590488433838,
    6.983553886413574,
    6.985151767730713,
    6.953583240509033,
    6.965161323547363,
    6.963044166564941,
    6.969307899475098,
    6.955061912536621,
    6.972568988800049,
    6.987298965454102,
    6.978510856628418,
    6.975075721740723,
    6.977955341339111,
    6.928353786468506,
    6.93295955657959,
    6.966753005981445,
    6.979851245880127,
    6.979378700256348,
    6.98842716217041,
    6.985857009887695,
    6.981119632720947,
    6.982892036437988,
    6.942017555236816,
    6.987064361572266,
    6.9747314453125,
    6.981870651245117,
    6.932572364807129,
    6.982944488525391,
    6.9626922607421875,
    6.961446762084961,
    6.967140197753906,
    6.985607147216797,
    6.936093807220459,
    6.980368614196777,
    6.954586029052734,
    6.98832893371582,
    6.939639091491699,
    6.9735870361328125,
    6.985522747039795,
    6.973360061645508,
    6.8935418128967285,
    6.97165584564209,
    6.976968765258789,
    6.988376140594482,
    6.979633808135986,
    6.964520454406738,
    6.9726057052612305,
    6.9662885665893555,
    6.988534927368164,
    6.984117031097412,
    6.981978416442871,
    6.988903045654297,
    6.982487678527832,
    6.983136177062988,
    6.980436325073242,
    6.961658954620361,
    6.946202278137207,
    6.954614162445068,
    6.988581657409668,
    6.9381184577941895,
    6.981414794921875,
    6.981109619140625,
    6.960412979125977,
    6.957864761352539,
    6.979517459869385,
    6.967249870300293,
    6.98786735534668,
    6.9883880615234375,
    6.9552106857299805,
    6.971681594848633,
    6.979976654052734,
    6.929969787597656,
    6.988310813903809,
    6.926795482635498,
    6.982011795043945,
    6.96553897857666,
    6.980172634124756,
    6.969542503356934,
    6.962856292724609,
    6.942449569702148,
    6.987309455871582,
    6.938285827636719,
    6.962357521057129,
    6.944864273071289,
    6.98115348815918,
    6.927083969116211,
    6.972107887268066,
    6.987511157989502,
    6.981003761291504,
    6.971266269683838,
    6.971460342407227,
    6.980501174926758,
    6.973226547241211,
    6.959932327270508,
    6.978695869445801,
    6.987805366516113,
    6.969597339630127,
    6.987823486328125,
    6.974017143249512,
    6.964749336242676,
    6.988760948181152,
    6.984316825866699,
    6.937145233154297,
    6.966798305511475,
    6.983593940734863,
    6.987059593200684,
    6.968341827392578,
    6.954086780548096,
    6.957502365112305,
    6.97429895401001,
    6.988595962524414,
    6.982303619384766,
    6.983508110046387,
    6.949810028076172,
    6.919893264770508,
    6.976670265197754,
    6.9880571365356445,
    6.869683265686035,
    6.988367080688477,
    6.965024948120117,
    6.985943794250488,
    6.97640323638916,
    6.968639850616455,
    6.98390007019043,
    6.960358142852783,
    6.935111999511719,
    6.974391937255859,
    6.97237491607666,
    6.987842559814453,
    6.984249114990234,
    6.9873809814453125,
    6.98621940612793,
    6.973156452178955,
    6.978564262390137,
    6.979022026062012,
    6.97218132019043,
