{
  "avg_active_think_slots": 18.076101541519165,
  "avg_slot_gate": 0.28692223876714706,
  "avg_step_gate": 0.8542322963476181,
  "depth_difficulty_corr": 0.0,
  "run_name": "twr_backbone_ruler_needle_lean_256",
  "sample_wise_depth_distribution": [
    6.142007827758789,
    6.131818771362305,
    6.127213954925537,
    6.112471580505371,
    6.152846813201904,
    6.147113800048828,
    6.1151885986328125,
    6.097163200378418,
    6.126916885375977,
    6.111302375793457,
    6.161319732666016,
    6.131838798522949,
    6.160754680633545,
    6.148303031921387,
    6.126597881317139,
    6.13682222366333,
    6.137488842010498,
    6.125904083251953,
    6.1210126876831055,
    6.12823486328125,
    6.175832748413086,
    6.0760579109191895,
    6.164610862731934,
    6.102302551269531,
    6.143581390380859,
    6.136184215545654,
    6.090560436248779,
    6.129330158233643,
    6.151169776916504,
    6.092217922210693,
    6.119884967803955,
    6.12544059753418,
    6.113681793212891,
    6.109250545501709,
    6.1210832595825195,
    6.139017105102539,
    6.134426116943359,
    6.125364303588867,
    6.125804901123047,
    6.108185291290283,
    6.126859188079834,
    6.126503944396973,
    6.152325630187988,
    6.111222267150879,
    6.193312644958496,
    6.127158164978027,
    6.160650730133057,
    6.13178825378418,
    6.107917785644531,
    6.103915691375732,
    6.1559600830078125,
    6.115793704986572,
    6.115762233734131,
    6.135188102722168,
    6.130996227264404,
    6.192460060119629,
    6.140200614929199,
    6.122188568115234,
    6.118148326873779,
    6.111346244812012,
    6.1425018310546875,
    6.132953643798828,
    6.154932022094727,
    6.16976261138916,
    6.121971130371094,
    6.139872074127197,
    6.13484525680542,
    6.082067489624023,
    6.142511367797852,
    6.151216506958008,
    6.121143341064453,
    6.119985580444336,
    6.075583457946777,
    6.063498020172119,
    6.109166622161865,
    6.121821403503418,
    6.126169204711914,
    6.158644199371338,
    6.186553955078125,
    6.096487522125244,
    6.147138595581055,
    6.140377998352051,
    6.157998561859131,
    6.109437942504883,
    6.156221389770508,
    6.111804485321045,
    6.114124298095703,
    6.0904998779296875,
    6.0979108810424805,
    6.138114929199219,
    6.130892753601074,
    6.142297744750977,
    6.154967308044434,
    6.1674604415893555,
    6.115573883056641,
    6.151276588439941,
    6.127020359039307,
    6.108056545257568,
    6.190898895263672,
    6.1088056564331055,
    6.1598639488220215,
    6.130312919616699,
    6.153710842132568,
    6.12840461730957,
    6.148204803466797,
    6.171352386474609,
    6.123250484466553,
    6.113875389099121,
    6.169020652770996,
    6.104182243347168,
    6.122589111328125,
    6.131644248962402,
    6.117278575897217,
    6.132180213928223,
    6.148105144500732,
    6.111091136932373,
    6.136428356170654,
    6.079375267028809,
    6.1254777908325195,
    6.126543998718262,
    6.098339080810547,
    6.117088317871094,
    6.13853645324707,
    6.124963760375977,
    6.102530002593994,
    6.1712727546691895,
    6.091137409210205,
    6.146522521972656,
    6.093888282775879,
    6.105513095855713,
    6.125079154968262,
    6.138571739196777,
    6.123522758483887,
    6.120540618896484,
    6.126203536987305,
    6.119032859802246,
    6.080348491668701,
    6.089179992675781,
    6.147436141967773,
    6.160521507263184,
    6.131051063537598,
    6.092394828796387,
    6.112521171569824,
    6.142775535583496,
    6.170168876647949,
    6.117913722991943,
    6.1258769035339355,
    6.191542625427246,
    6.157016277313232,
    6.115112781524658,
    6.179029941558838,
    6.131330490112305,
    6.1227593421936035,
    6.100410461425781,
    6.160585403442383,
    6.124661445617676,
    6.13914680480957,
    6.149165153503418,
    6.143135070800781,
    6.096585273742676,
    6.107933044433594,
    6.1701226234436035,
    6.101963043212891,
    6.169187545776367,
    6.139974594116211,
    6.152721405029297,
    6.098845481872559,
    6.12371301651001,
    6.085897445678711,
    6.171974182128906,
    6.124359130859375,
    6.120731353759766,
    6.079516410827637,
    6.094779968261719,
    6.103468894958496,
    6.116660118103027,
    6.133231163024902,
    6.111560821533203,
    6.1132588386535645,
    6.144968509674072,
    6.111266613006592,
    6.137864589691162,
    6.127579212188721,
    6.105199813842773,
    6.119414329528809,
    6.121628761291504,
    6.135122299194336,
    6.103969573974609,
    6.071115493774414,
    6.169887542724609,
    6.133114814758301,
    6.107720375061035,
    6.1736602783203125,
    6.084266662597656,
    6.145467758178711,
    6.104389667510986,
    6.115992069244385,
    6.089191913604736,
    6.146392345428467,
    6.165898323059082,
    6.147391319274902,
    6.081948757171631,
    6.170915126800537,
    6.1351776123046875,
    6.159570217132568,
    6.117120265960693,
    6.16195011138916,
    6.105471134185791,
    6.210400104522705,
    6.120260238647461,
    6.097138404846191,
    6.125221252441406,
    6.118157863616943,
    6.169161796569824,
    6.123607635498047,
    6.1090006828308105,
    6.132868766784668,
    6.135119438171387,
    6.109758377075195,
    6.1456732749938965,
    6.125555038452148,
    6.10938024520874,
    6.128726005554199,
    6.127997398376465,
    6.153772354125977,
    6.126147747039795,
    6.064932823181152,
    6.070868492126465,
    6.097177505493164,
    6.146562576293945,
    6.149439334869385,
    6.16976261138916,
    6.116230010986328,
    6.088354110717773,
    6.165353298187256,
    6.114357948303223,
    6.189491271972656,
    6.15140438079834,
    6.120368957519531,
    6.112913131713867,
    6.135558128356934,
    6.145699501037598,
    6.140783309936523,
    6.141603946685791,
    6.088078022003174,
    6.130252838134766,
    6.142386436462402,
    6.127471446990967,
    6.16702938079834,
    6.1068267822265625,
    6.144928455352783,
    6.108856201171875,
    6.128347873687744,
    6.12165641784668,
    6.105350017547607,
    6.125537395477295,
    6.051167964935303,
    6.126580715179443,
    6.119958400726318,
    6.1334075927734375,
    6.097711563110352,
    6.130927085876465,
    6.137453079223633,
    6.141801834106445,
    6.129778861999512,
    6.077198028564453,
    6.122518539428711,
    6.1104044914245605,
    6.111673831939697,
    6.1652445793151855,
    6.149082183837891,
    6.129000663757324,
    6.191847324371338,
    6.119927406311035,
    6.1327595710754395,
    6.106203079223633,
    6.126453876495361,
    6.089987754821777,
    6.116463661193848,
    6.121018409729004,
    6.113602638244629,
    6.088626384735107,
    6.097455024719238,
    6.166147232055664,
    6.1276960372924805,
    6.131946086883545,
    6.142094612121582,
    6.143230438232422,
    6.134900093078613,
    6.131304740905762,
    6.126570224761963,
    6.103161334991455,
    6.099205017089844,
    6.155696392059326,
    6.10117244720459,
    6.092625141143799,
    6.123256683349609,
    6.166341781616211,
    6.128664016723633,
    6.110068321228027,
    6.135076999664307,
    6.144265174865723,
    6.129151821136475,
    6.09464693069458,
    6.100861549377441,
    6.083014488220215,
    6.160764694213867,
    6.099413871765137,
    6.119443416595459,
    6.155062675476074,
    6.105623722076416,
    6.091671943664551,
    6.097582817077637,
    6.135411262512207,
    6.112194061279297,
    6.1237688064575195,
    6.126371383666992,
    6.1225481033325195,
    6.149052619934082,
    6.1291399002075195,
    6.147668361663818,
    6.120916366577148,
    6.13631010055542,
    6.1652302742004395,
    6.132942199707031,
    6.15012264251709,
    6.134552001953125,
    6.103816032409668,
    6.100002288818359,
    6.122726917266846,
    6.1043829917907715,
    6.115674018859863,
    6.146711826324463,
    6.102365493774414,
    6.122688293457031,
    6.181158065795898,
