{
  "approx_flops_per_example": 4194304,
  "avg_active_slots": 125.0,
  "avg_active_think_slots": 18.076101541519165,
  "avg_effective_depth": 6.125393599271774,
  "avg_slot_gate": 0.28692223876714706,
  "avg_step_gate": 0.8542322963476181,
  "dataset_name": "dataset",
  "depth_difficulty_corr": 0.0,
  "epoch": 6,
  "final_train_loss": 2.781869512051344,
  "final_val_accuracy": 0.0859375,
  "final_val_f1": 0.0,
  "final_val_loss": 2.7848957180976868,
  "model_name": "twr",
  "parameter_count": 84374,
  "peak_gpu_memory_mb": 47.28759765625,
  "run_name": "twr_backbone_ruler_needle_lean_256",
  "seed": 7,
  "throughput": 7776.824103761014
}