{
  "approx_flops_per_example": 150994944,
  "avg_active_slots": 255.0,
  "avg_active_think_slots": 59.40735229492188,
  "avg_effective_depth": 4.9328937911987305,
  "avg_slot_gate": 0.4641199427843094,
  "avg_step_gate": 0.9832234501838684,
  "dataset_name": "pietrolesci/hyperpartisan_news_detection",
  "depth_difficulty_corr": 0.9069596388936043,
  "epoch": 17,
  "final_train_loss": 0.20526416579882303,
  "final_val_accuracy": 0.5825,
  "final_val_f1": 0.566406043767929,
  "final_val_loss": 0.7743692725896836,
  "model_name": "twr",
  "parameter_count": 10921674,
  "peak_gpu_memory_mb": 293.2646484375,
  "run_name": "twr_gmc8c2_d576_hyperpartisan_100ep",
  "seed": 7,
  "throughput": 799.254246378612
}