{
  "avg_active_think_slots": 36.249812316894534,
  "avg_slot_gate": 0.28543159246444705,
  "avg_step_gate": 0.8648825526237488,
  "depth_difficulty_corr": 0.0,
  "run_name": "twr_backbone_longbench_lsht_lean",
  "sample_wise_depth_distribution": [
    6.177594184875488,
    6.199118614196777,
    6.1904144287109375,
    6.201440811157227,
    6.2029194831848145,
    6.207608222961426,
    6.199091911315918,
    6.230132102966309,
    6.199345588684082,
    6.181876182556152,
    6.202672958374023,
    6.17497444152832,
    6.184516906738281,
    6.174286365509033,
    6.169103622436523,
    6.175747871398926,
    6.185395240783691,
    6.202045440673828,
    6.165911674499512,
    6.183913230895996,
    6.190150737762451,
    6.1644768714904785,
    6.204039573669434,
    6.180871963500977,
    6.2056565284729,
    6.196990489959717,
    6.222115516662598,
    6.186582565307617,
    6.187593936920166,
    6.177036762237549,
    6.154229164123535,
    6.187478065490723,
    6.153120517730713,
    6.167046546936035,
    6.192202568054199,
    6.194132328033447,
    6.198424816131592,
    6.2078423500061035,
    6.1815080642700195,
    6.195554733276367,
    6.187105178833008,
    6.181868553161621,
    6.201594829559326,
    6.204659461975098,
    6.183032989501953,
    6.181892395019531,
    6.206198692321777,
    6.2042236328125,
    6.165640830993652,
    6.193378448486328
  ],
  "slot_usage_histogram": [
    0.0019880246836692095,
    0.00198275875300169,
    0.001982208574190736,
    0.0019780038855969906,
    0.0019789154175668955,
    0.0019801517482846975,
    0.00197898643091321,
    0.001977386651560664,
    0.0019770727958530188,
    0.001979646272957325,
    0.0019804690964519978,
    0.001980874454602599,
    0.001981627894565463,
    0.0019787224009633064,
    0.0019786451011896133,
    0.0019772446248680353,
    0.0019751843065023422,
    0.0019788220524787903,
    0.0019770225044339895,
    0.001976500730961561,
    0.0019773701205849648,
    0.0019737407565116882,
    0.0019768266938626766,
    0.001974069979041815,
    0.001975169638171792,
    0.0019755642861127853,
    0.0019763296004384756,
    0.0019801168236881495,
    0.001978412503376603,
    0.001979012507945299,
    0.0019787452183663845,
    0.0019754082895815372,
    0.001975904917344451,
    0.0019762206356972456,
    0.0019734131637960672,
    0.0019739121198654175,
    0.0019736401736736298,
    0.001971282297745347,
    0.001973426667973399,
    0.001977055799216032,
    0.0019756511319428682,
    0.001976083731278777,
    0.0019764555618166924,
    0.0019750255160033703,
    0.0019766376353800297,
    0.0019801638554781675,
    0.0019809934310615063,
    0.0019817359279841185,
    0.0019822409376502037,
    0.001977829961106181,
    0.001975447405129671,
    0.001975467661395669,
    0.001976949395611882,
    0.001979834632948041,
    0.0019799242727458477,
    0.001977604581043124,
    0.0019748646300286055,
    0.00197575893253088,
    0.001976099330931902,
    0.0019780772272497416,
    0.0019803461618721485,
    0.0019804451148957014,
    0.0019799908623099327,
    0.0019807300996035337,
    0.0019793291576206684,
    0.0019785682670772076,
    0.0019794900435954332,
    0.0019736597314476967,
    0.001973951468244195,
    0.0019755808170884848,
    0.001976678380742669,
    0.0019798201974481344,
    0.0019788253121078014,
    0.0019780732691287994,
    0.0019797307904809713,
    0.0019812025129795074,
    0.0019791333470493555,
    0.0019788153003901243,
    0.001974579645320773,
    0.001972775673493743,
    0.0019765670876950026,
    0.001977920765057206,
    0.001980809262022376,
    0.0019799931906163692,
    0.001982014626264572,
    0.0019818453583866358,
    0.0019823028706014156,
    0.0019815347623080015,
    0.0019803508184850216,
    0.0019806581549346447,
    0.001979108667001128,
    0.0019814742263406515,
    0.0019816788844764233,
    0.0019808930810540915,
    0.0019802392926067114,
    0.0019774979446083307,
    0.0019771906081587076,
    0.0019745484460145235,
    0.0019733465742319822,
    0.00197621644474566,
    0.0019765100441873074,
    0.001977026229724288,
    0.0019817843567579985,
    0.0019781473092734814,
    0.0019752844236791134,
    0.001973118633031845,
    0.0019710573833435774,
    0.001972433878108859,
    0.0019775957334786654,
    0.0019797752611339092,
    0.001977095380425453,
    0.001977267675101757,
    0.001973544480279088,
    0.0019749014172703028,
    0.0019768874626606703,
    0.0019781826995313168,
    0.001980898203328252,
    0.0019802337046712637,
    0.001977674663066864,
    0.001975143328309059,
    0.0019754485692828894,
    0.001976513536646962,
    0.0019783140160143375,
    0.0019791803788393736,
    0.001979811815544963,
    0.001981001812964678,
    0.0019803254399448633,
    0.0019834216218441725,
    0.0019822423346340656,
    0.0019790283404290676,
    0.0019775854889303446,
    0.001973468344658613,
    0.0019721013959497213,
    0.0019738860428333282,
    0.0019725675228983164,
    0.0019758003763854504,
    0.0019763882737606764,
    0.001976262778043747,
    0.0019766788464039564,
    0.0019770257640630007,
    0.0019756543915718794,
    0.0019720543641597033,
    0.0019727274775505066,
    0.0019747200421988964,
    0.0019779675640165806,
    0.0019806057680398226,
    0.0019801626913249493,
    0.001975500490516424,
    0.001977150561287999,
    0.0019762658048421144,
    0.0019773091189563274,
    0.0019801745656877756,
    0.0019784390460699797,
    0.001979096792638302,
    0.001979732420295477,
    0.001977356616407633,
    0.001975147519260645,
    0.001974343555048108,
    0.001970504177734256,
    0.001971915829926729,
    0.0019709705375134945,
    0.00197341525927186,
    0.001975466264411807,
    0.0019728976767510176,
    0.001976082567125559,
    0.0019737202674150467,
    0.0019735468085855246,
    0.001974571729078889,
    0.001972989644855261,
    0.001971352146938443,
    0.0019714662339538336,
    0.001970171695575118,
    0.001970166340470314,
    0.001972890691831708,
    0.001973697915673256,
    0.0019753691740334034,
    0.001978155691176653,
    0.0019782555755227804,
    0.001978576648980379,
    0.0019827173091471195,
    0.0019827319774776697,
    0.001981644658371806,
    0.001979556167498231,
    0.001979552209377289,
    0.00197598640806973,
    0.0019774886313825846,
    0.001977798528969288,
    0.001976078376173973,
    0.001977435080334544,
    0.0019783074967563152,
    0.001977665117010474,
    0.0019750786013901234,
    0.0019764609169214964,
    0.001973031787201762,
    0.0019732711371034384,
    0.0019763463642448187,
    0.0019784148316830397,
    0.001980677479878068,
    0.001979346852749586,
    0.001980256987735629,
    0.001982053043320775,
    0.001980468863621354,
    0.0019804497715085745,
    0.00198039086535573,
    0.0019770816434174776,
    0.001975472318008542,
    0.0019769042264670134,
    0.001975137274712324,
    0.001976811094209552,
    0.0019785745535045862,
    0.001978217391297221,
    0.0019766632467508316,
    0.0019763056188821793,
    0.0019785186741501093,
    0.0019788069184869528,
    0.0019804281182587147,
    0.0019771927036345005,
    0.0019735966343432665,
    0.0019750199280679226,
    0.0019736115355044603,
    0.0019749407656490803,
    0.001977564301341772,
    0.0019793915562331676,
    0.0019808425568044186,
    0.001982808578759432,
    0.0019819699227809906,
    0.0019798935391008854,
    0.0019773130770772696,
    0.0019757929258048534,
    0.001975043909624219,
    0.0019749789498746395,
    0.0019780483562499285,
    0.0019788157660514116,
    0.0019795862026512623,
    0.0019792106468230486,
    0.001977507257834077,
    0.0019779850263148546,
    0.001976408762857318,
    0.0019784115720540285,
    0.001975510036572814,
    0.0019742788281291723,
    0.0019741738215088844,
    0.0019722627475857735,
    0.0019745880272239447,
    0.001976999221369624,
    0.0019773333333432674,
    0.001980866538360715,
