{
  "approx_flops_per_example": 16777216,
  "avg_active_slots": 253.0,
  "avg_active_think_slots": 36.249812316894534,
  "avg_effective_depth": 6.189295177459717,
  "avg_slot_gate": 0.28543159246444705,
  "avg_step_gate": 0.8648825526237488,
  "dataset_name": "dataset",
  "depth_difficulty_corr": 0.0,
  "epoch": 5,
  "final_train_loss": 2.896817773183187,
  "final_val_accuracy": 0.1,
  "final_val_f1": 0.0,
  "final_val_loss": 3.3429604053497313,
  "model_name": "twr",
  "parameter_count": 472478,
  "peak_gpu_memory_mb": 39.0205078125,
  "run_name": "twr_backbone_longbench_lsht_lean",
  "seed": 7,
  "throughput": 1771.7464084181202
}