{
  "avg_active_think_slots": 20.80181312561035,
  "avg_slot_gate": 0.3301874939352274,
  "avg_step_gate": 0.9973434880375862,
  "depth_difficulty_corr": 0.17658124878653325,
  "run_name": "twr_scale57m_lra_listops",
  "sample_wise_depth_distribution": [
    6.984194755554199,
    6.984286308288574,
    6.983839988708496,
    6.983796119689941,
    6.984232425689697,
    6.984116554260254,
    6.984220504760742,
    6.984263896942139,
    6.984122276306152,
    6.984259128570557,
    6.9838714599609375,
    6.98411750793457,
    6.983486652374268,
    6.983777046203613,
    6.983722686767578,
    6.9843034744262695,
    6.984159469604492,
    6.983781814575195,
    6.984127044677734,
    6.984305381774902,
    6.984273910522461,
    6.98372745513916,
    6.984136581420898,
    6.984184265136719,
    6.9841461181640625,
    6.984236717224121,
    6.983922958374023,
    6.984114646911621,
    6.984100341796875,
    6.984027862548828,
    6.984029769897461,
    6.984319686889648,
    6.984143257141113,
    6.983990669250488,
    6.983977317810059,
    6.984208106994629,
    6.9840874671936035,
    6.984066009521484,
    6.984055042266846,
    6.984103202819824,
    6.9839677810668945,
    6.984264373779297,
    6.9841742515563965,
    6.983420372009277,
    6.984207630157471,
    6.983799457550049,
    6.984047889709473,
    6.984059810638428,
    6.983951568603516,
    6.983582496643066,
    6.984086036682129,
    6.98425817489624,
    6.983992576599121,
    6.984097480773926,
    6.983412742614746,
    6.984153747558594,
    6.984000205993652,
    6.983475685119629,
    6.984188079833984,
    6.984123229980469,
    6.984044551849365,
    6.984221458435059,
    6.983510494232178,
    6.984081745147705,
    6.983960151672363,
    6.984274864196777,
    6.984132766723633,
    6.984247207641602,
    6.983931541442871,
    6.984045505523682,
    6.984095096588135,
    6.984104156494141,
    6.984157085418701,
    6.984251976013184,
    6.983734130859375,
    6.9840826988220215,
    6.984092712402344,
    6.983952522277832,
    6.984013557434082,
    6.984185218811035,
    6.9840922355651855,
    6.984103679656982,
    6.984145641326904,
    6.984285354614258,
    6.984183311462402,
    6.984223365783691,
    6.983854293823242,
    6.984264373779297,
    6.984015464782715,
    6.984081745147705,
    6.984218597412109,
    6.984296798706055,
    6.984292030334473,
    6.983020305633545,
    6.984155654907227,
    6.98397970199585,
    6.984219551086426,
    6.983743667602539,
    6.984195232391357,
    6.984114646911621,
    6.984284400939941,
    6.984260559082031,
    6.984260559082031,
    6.984228134155273,
    6.984189987182617,
    6.984099388122559,
    6.984005928039551,
    6.984246730804443,
    6.984082221984863,
    6.984100818634033,
    6.984096527099609,
    6.984257221221924,
    6.984085559844971,
    6.98413610458374,
    6.984052658081055,
    6.984213829040527,
    6.984134674072266,
    6.98429012298584,
    6.983974933624268,
    6.984287261962891,
    6.984118461608887,
    6.984194755554199,
    6.983855247497559,
    6.983307838439941,
    6.984133720397949,
    6.983841419219971,
    6.983902931213379,
    6.983975410461426,
    6.984128952026367,
    6.984099864959717,
    6.984126091003418,
    6.984127044677734,
    6.983809471130371,
    6.984151840209961,
    6.984228134155273,
    6.984153747558594,
    6.984175682067871,
    6.984138011932373,
    6.984289646148682,
    6.984135627746582,
    6.984256744384766,
    6.984111785888672,
    6.98416805267334,
    6.983856678009033,
    6.98417329788208,
    6.984108924865723,
    6.984157562255859,
    6.983949661254883,
    6.984014511108398,
    6.983963966369629,
    6.983827590942383,
    6.9839677810668945,
    6.984147071838379,
    6.983302593231201,
    6.9842681884765625,
    6.983878135681152,
    6.983981132507324,
    6.983921051025391,
    6.9839091300964355,
    6.984080791473389,
    6.984245300292969,
    6.984179496765137,
    6.984089374542236,
    6.984017372131348,
    6.984177589416504,
    6.984053611755371,
    6.984265327453613,
    6.983771324157715,
    6.983763694763184,
    6.983916759490967,
    6.9840474128723145,
    6.983603000640869,
    6.984127521514893,
    6.983805179595947,
    6.98417329788208,
    6.98425817489624,
    6.984155178070068,
    6.984194278717041,
    6.984160900115967,
    6.983994007110596,
    6.98408842086792,
    6.984202861785889,
    6.984087944030762,
    6.984124660491943,
    6.984078407287598,
    6.984129905700684,
    6.9841179847717285,
    6.984100341796875,
    6.984300136566162,
    6.984109878540039,
    6.984133720397949,
    6.984319686889648,
    6.984074592590332,
    6.984192848205566,
    6.984173774719238,
    6.984143257141113,
    6.983671188354492,
    6.9842729568481445,
    6.98409366607666,
    6.9841084480285645,
    6.984000205993652,
    6.983983993530273,
    6.983856678009033,
    6.984189987182617,
    6.983789443969727,
    6.984264373779297,
    6.984275817871094,
    6.983683109283447,
    6.984002590179443,
    6.984280586242676,
    6.984076023101807,
    6.984261989593506,
    6.984030723571777,
    6.983731746673584,
    6.983283519744873,
    6.984028339385986,
    6.984253883361816,
    6.984162330627441,
    6.984026908874512,
    6.984140872955322,
    6.984148979187012,
    6.983839988708496,
    6.983771324157715,
    6.984058380126953,
    6.984050273895264,
    6.983989715576172,
    6.984123229980469,
    6.984283447265625,
    6.983842372894287,
    6.984151840209961,
    6.9838361740112305,
    6.984169006347656,
    6.984134674072266,
    6.984235763549805,
    6.983789443969727,
    6.984139442443848,
    6.984035491943359,
    6.984037399291992,
    6.984118461608887,
    6.9842071533203125,
    6.984025001525879,
    6.983829498291016,
    6.984144687652588,
    6.984019756317139,
    6.984142780303955,
    6.98384428024292,
    6.984048843383789,
    6.983791351318359,
    6.984200954437256,
    6.98427677154541,
    6.984217166900635,
    6.984240531921387,
    6.984119415283203,
    6.984189987182617,
    6.9839959144592285,
    6.9841203689575195,
    6.983762741088867,
    6.984045028686523,
    6.984238624572754,
    6.98423957824707,
    6.984208106994629,
    6.984274864196777,
    6.983933448791504,
    6.983547210693359,
    6.983680725097656,
    6.98417854309082,
    6.983943939208984,
    6.984219074249268,
    6.983928680419922,
    6.983847618103027,
    6.984319686889648,
    6.98300313949585,
    6.984105587005615,
    6.983612060546875,
    6.984152793884277,
    6.983950614929199,
    6.984301567077637,
    6.984197616577148,
    6.984079360961914,
    6.983705043792725,
    6.984149932861328,
    6.984172821044922,
    6.983920097351074,
    6.983262062072754,
    6.9841508865356445,
    6.984088897705078,
    6.984277248382568,
    6.984075546264648,
    6.9841742515563965,
    6.984058380126953,
    6.984011650085449,
    6.984155654907227,
    6.983998775482178,
    6.984185218811035,
    6.984105110168457,
    6.984024524688721,
    6.984140396118164,
    6.984076499938965,
    6.984044075012207,
    6.9842095375061035,
    6.984111309051514,
    6.98406982421875,
    6.984227180480957,
    6.9839630126953125,
    6.984145164489746,
    6.9839348793029785,
    6.9842424392700195,
    6.983884334564209,
    6.984177112579346,
    6.984212875366211,
    6.984302520751953,
    6.984003067016602,
    6.984142780303955,
    6.984124183654785,
    6.9839372634887695,
    6.984129905700684,
    6.984186172485352,
    6.984142780303955,
    6.983957767486572,
    6.984183311462402,
    6.984221458435059,
    6.9842376708984375,
    6.984277725219727,
    6.984155178070068,
    6.984127998352051,
    6.983325958251953,
    6.983832359313965,
    6.983839511871338,
    6.983854293823242,
    6.984104156494141,
    6.984129905700684,
    6.984134674072266,
    6.983816146850586,
    6.984160423278809,
    6.983948230743408,
    6.984055519104004,
