{
  "approx_flops_per_example": 150994944,
  "avg_active_slots": 125.0,
  "avg_active_think_slots": 20.80181312561035,
  "avg_effective_depth": 6.984060704708099,
  "avg_slot_gate": 0.3301874939352274,
  "avg_step_gate": 0.9973434880375862,
  "dataset_name": "dataset",
  "depth_difficulty_corr": 0.17658124878653325,
  "epoch": 6,
  "final_train_loss": 1.9471457581967115,
  "final_val_accuracy": 0.302734375,
  "final_val_f1": 0.0,
  "final_val_loss": 2.03009844571352,
  "model_name": "twr",
  "parameter_count": 56159504,
  "peak_gpu_memory_mb": 2074.548828125,
  "run_name": "twr_scale57m_lra_listops",
  "seed": 7,
  "throughput": 145.33590639022216
}