{
  "avg_active_think_slots": 20.24556040763855,
  "avg_slot_gate": 0.3213580809533596,
  "avg_step_gate": 0.9827028177678585,
  "depth_difficulty_corr": -0.3059752241242677,
  "run_name": "twr_scale6p3m_gm8_lra_listops_100ep",
  "sample_wise_depth_distribution": [
    6.909724235534668,
    6.936558723449707,
    6.887895584106445,
    6.8769450187683105,
    6.855425834655762,
    6.9191155433654785,
    6.92526912689209,
    6.9405975341796875,
    6.900668621063232,
    6.892800331115723,
    6.955065727233887,
    6.857576370239258,
    6.857080459594727,
    6.900743007659912,
    6.915451526641846,
    6.927977561950684,
    6.913557529449463,
    6.931100368499756,
    6.924726963043213,
    6.876686096191406,
    6.927913665771484,
    6.901094436645508,
    6.850498199462891,
    6.940926551818848,
    6.843232154846191,
    6.916476249694824,
    6.860813617706299,
    6.890895843505859,
    6.78657341003418,
    6.8742218017578125,
    6.909773826599121,
    6.911806106567383,
    6.930455207824707,
    6.929964542388916,
    6.887726783752441,
    6.945855617523193,
    6.9361958503723145,
    6.902973175048828,
    6.872860908508301,
    6.8902459144592285,
    6.929078578948975,
    6.862969398498535,
    6.903769493103027,
    6.836909294128418,
    6.9205145835876465,
    6.881680011749268,
    6.844715118408203,
    6.905758857727051,
    6.8861236572265625,
    6.882723808288574,
    6.799127578735352,
    6.90687894821167,
    6.932534217834473,
    6.858564376831055,
    6.916092395782471,
    6.930825233459473,
    6.9032158851623535,
    6.919058322906494,
    6.930926322937012,
    6.941234588623047,
    6.833566188812256,
    6.934673309326172,
    6.878145217895508,
    6.948066711425781,
    6.894526958465576,
    6.930754661560059,
    6.87928581237793,
    6.947753429412842,
    6.922573089599609,
    6.916572570800781,
    6.8039445877075195,
    6.933069229125977,
    6.9474639892578125,
    6.922816276550293,
    6.907785415649414,
    6.8478779792785645,
    6.888442039489746,
    6.843000411987305,
    6.823548316955566,
    6.953598976135254,
    6.859718322753906,
    6.888258457183838,
    6.8559417724609375,
    6.928311824798584,
    6.936500549316406,
    6.714995861053467,
    6.907920837402344,
    6.8623504638671875,
    6.879299640655518,
    6.892941474914551,
    6.953984260559082,
    6.944118976593018,
    6.94129753112793,
    6.843407154083252,
    6.922588348388672,
    6.925097465515137,
    6.795088768005371,
    6.88931941986084,
    6.899302005767822,
    6.908173561096191,
    6.940495491027832,
    6.894467353820801,
    6.898202896118164,
    6.847475051879883,
    6.927788734436035,
    6.837184906005859,
    6.785539627075195,
    6.921720027923584,
    6.945341110229492,
    6.9305901527404785,
    6.801769256591797,
    6.900991439819336,
    6.906801223754883,
    6.943106174468994,
    6.880757808685303,
    6.931184768676758,
    6.862043380737305,
    6.858086585998535,
    6.914628982543945,
    6.820536136627197,
    6.887916564941406,
    6.950887203216553,
    6.939562797546387,
    6.915500164031982,
    6.928240776062012,
    6.876363277435303,
    6.9178361892700195,
    6.909043312072754,
    6.943178176879883,
    6.949504375457764,
    6.945822715759277,
    6.932384967803955,
    6.9153947830200195,
    6.919675350189209,
    6.9060378074646,
    6.920416831970215,
    6.903733253479004,
    6.919731140136719,
    6.918004035949707,
    6.897780418395996,
    6.937578201293945,
    6.729790687561035,
    6.89409875869751,
    6.700953960418701,
    6.941718578338623,
    6.918984413146973,
    6.903415679931641,
    6.9231672286987305,
    6.892256259918213,
    6.893828392028809,
    6.911040306091309,
    6.929729461669922,
    6.922650337219238,
    6.8890485763549805,
    6.9213738441467285,
    6.847744464874268,
    6.9474873542785645,
    6.8315863609313965,
    6.915618419647217,
    6.941833972930908,
    6.904261112213135,
    6.853631019592285,
    6.874996662139893,
    6.90196418762207,
    6.895920276641846,
    6.938992500305176,
    6.940826416015625,
    6.906673431396484,
    6.865204811096191,
    6.916872978210449,
    6.834081172943115,
    6.864617347717285,
    6.893995761871338,
    6.942908763885498,
    6.919615745544434,
    6.8899827003479,
    6.864581108093262,
    6.9025373458862305,
    6.950229644775391,
    6.902319431304932,
    6.808848857879639,
    6.847760200500488,
    6.92747688293457,
    6.942614555358887,
    6.8989739418029785,
    6.890946388244629,
    6.833242416381836,
    6.924781322479248,
    6.840230464935303,
    6.925227165222168,
    6.88477897644043,
    6.904509544372559,
    6.885804176330566,
    6.910470962524414,
    6.945215225219727,
    6.92136287689209,
    6.946388244628906,
    6.916358947753906,
    6.8946638107299805,
    6.953333854675293,
    6.875277996063232,
    6.890190601348877,
    6.879384994506836,
    6.950159072875977,
    6.861169815063477,
    6.631302833557129,
    6.918444633483887,
    6.922722339630127,
    6.824300765991211,
    6.93499755859375,
    6.896585464477539,
    6.8945465087890625,
    6.9420270919799805,
    6.791584491729736,
    6.943689823150635,
    6.895544528961182,
    6.946567535400391,
    6.882009983062744,
    6.90531587600708,
    6.937959671020508,
    6.812952995300293,
    6.859645366668701,
    6.908586502075195,
    6.912889003753662,
    6.918256759643555,
    6.930305480957031,
    6.948573112487793,
    6.939120769500732,
    6.8825459480285645,
    6.875269889831543,
    6.874107360839844,
    6.897165298461914,
    6.932807922363281,
    6.830381393432617,
    6.9148359298706055,
    6.899067401885986,
    6.948540687561035,
    6.847481727600098,
    6.92064094543457,
    6.859148025512695,
    6.907782554626465,
    6.875479698181152,
    6.812775135040283,
    6.954577445983887,
    6.882740020751953,
    6.9384589195251465,
    6.9125165939331055,
    6.909054756164551,
    6.954753398895264,
    6.935932159423828,
    6.938839912414551,
    6.930333614349365,
    6.863686561584473,
    6.86043643951416,
    6.84535026550293,
    6.835492134094238,
    6.947746276855469,
    6.93946647644043,
    6.903139114379883,
    6.6882243156433105,
    6.942106246948242,
    6.88328742980957,
    6.770733833312988,
    6.855958938598633,
    6.802329063415527,
    6.806937217712402,
    6.871492385864258,
    6.933969020843506,
    6.950466156005859,
    6.900762557983398,
    6.919426441192627,
    6.942554473876953,
    6.927061080932617,
    6.948355674743652,
    6.874512195587158,
    6.932990074157715,
    6.896172523498535,
    6.908711910247803,
    6.874599933624268,
    6.830792427062988,
    6.939006328582764,
    6.826977729797363,
    6.867917060852051,
    6.896973609924316,
    6.895320892333984,
    6.8379011154174805,
    6.860259056091309,
    6.923925399780273,
    6.924722671508789,
    6.841353893280029,
    6.920666694641113,
    6.940094947814941,
    6.866449356079102,
    6.86270809173584,
    6.932794094085693,
    6.933369159698486,
    6.879768371582031,
    6.944866180419922,
    6.934770584106445,
    6.874948501586914,
    6.908211708068848,
    6.83463191986084,
    6.90324068069458,
    6.935907363891602,
    6.909275054931641,
    6.929625511169434,
    6.810787200927734,
    6.695211410522461,
    6.911250114440918,
    6.84239387512207,
    6.9445085525512695,
    6.900431156158447,
    6.9268035888671875,
    6.917534828186035,
    6.6707868576049805,
    6.911699295043945,
    6.943023681640625,
    6.757322311401367,
    6.954095363616943,
    6.917226791381836,
    6.922492504119873,
    6.904834747314453,
    6.92704963684082,
    6.902984619140625,
    6.875563621520996,
    6.92558479309082,
    6.848243713378906,
    6.889497756958008,
    6.878056526184082,
    6.8816070556640625,
    6.897162437438965,
    6.940150260925293,
    6.912313461303711,
    6.912223815917969,
    6.790040493011475,
