{
  "avg_active_think_slots": 26.616973876953125,
  "avg_slot_gate": 0.4158902205526829,
  "avg_step_gate": 0.9044349938631058,
  "depth_difficulty_corr": 0.9282092936336994,
  "run_name": "twr_gmc8c2_d576_lra_listops_100ep",
  "sample_wise_depth_distribution": [
    4.5163726806640625,
    4.568943023681641,
    4.501394748687744,
    4.725918769836426,
    4.861832618713379,
    4.845498561859131,
    4.872487545013428,
    4.456735134124756,
    4.620570182800293,
    4.541074752807617,
    4.390264987945557,
    4.6384077072143555,
    4.612641334533691,
    4.723831653594971,
    4.508327007293701,
    4.709682464599609,
    4.764042377471924,
    4.446410655975342,
    4.869048118591309,
    4.859999179840088,
    4.593811988830566,
    4.6508331298828125,
    4.334948539733887,
    4.896903991699219,
    4.445614814758301,
    4.862874984741211,
    4.5614213943481445,
    4.638895034790039,
    4.886991024017334,
    4.557000637054443,
    4.437027454376221,
    4.7069783210754395,
    4.7448883056640625,
    4.846644401550293,
    4.740684509277344,
    4.57363748550415,
    4.449321269989014,
    4.539864540100098,
    4.900947570800781,
    4.6317973136901855,
    4.561605453491211,
    4.8818583488464355,
    4.492285251617432,
    4.570178985595703,
    4.889393329620361,
    4.761467933654785,
    4.873851776123047,
    4.697907447814941,
    4.587292671203613,
    4.451375961303711,
    4.700591564178467,
    4.44812536239624,
    4.506382942199707,
    4.637460231781006,
    4.505718231201172,
    4.65067720413208,
    4.523222923278809,
    4.845422744750977,
    4.721861839294434,
    4.3424882888793945,
    4.597967624664307,
    4.7447967529296875,
    4.610850811004639,
    4.897092342376709,
    4.6707353591918945,
    4.873188495635986,
    4.616057395935059,
    4.376986503601074,
    4.5473222732543945,
    4.477971076965332,
    4.197780609130859,
    4.480400562286377,
    4.3701066970825195,
    4.702813148498535,
    4.785984516143799,
    4.809291839599609,
    4.7090229988098145,
    4.656706809997559,
    4.499262809753418,
    4.359013557434082,
    4.892929553985596,
    4.7745256423950195,
    4.4749436378479,
    4.697896957397461,
    4.680854797363281,
    4.596426010131836,
    4.435877323150635,
    4.815529823303223,
    4.894033432006836,
    4.752694129943848,
    4.367596626281738,
    4.464323043823242,
    4.88874626159668,
    4.53190803527832,
    4.6601972579956055,
    4.7799272537231445,
    4.554634094238281,
    4.613499641418457,
    4.5224928855896,
    4.882552146911621,
    4.519156455993652,
    4.473631381988525,
    4.757061958312988,
    4.545187473297119,
    4.447477340698242,
    4.871404647827148,
    4.690600872039795,
    4.850987434387207,
    4.660492897033691,
    4.511453628540039,
    4.697662353515625,
    4.601728916168213,
    4.803855895996094,
    4.408513069152832,
    4.636836051940918,
    4.4617919921875,
    4.639530181884766,
    4.807431221008301,
    4.567975044250488,
    4.708695888519287,
    4.787557125091553,
    4.351131439208984,
    4.502073287963867,
    4.52669620513916,
    4.430670738220215,
    4.711373805999756,
    4.581081390380859,
    4.489938735961914,
    4.618810653686523,
    4.638427734375,
    4.618956565856934,
    4.324783802032471,
    4.903651237487793,
    4.604816436767578,
    4.634350776672363,
    4.9058027267456055,
    4.697928428649902,
    4.495812892913818,
    4.6973137855529785,
    4.439709663391113,
    4.439201354980469,
    4.8841071128845215,
    4.805122375488281,
    4.647054672241211,
    4.464204788208008,
    4.637572765350342,
    4.679133415222168,
    4.5511884689331055,
    4.606950759887695,
    4.667645454406738,
    4.803386688232422,
    4.439934253692627,
    4.502993106842041,
    4.433341026306152,
    4.562399864196777,
    4.866382598876953,
    4.301348686218262,
    4.5862932205200195,
    4.587898254394531,
    4.447751045227051,
    4.804991722106934,
    4.534417629241943,
    4.712276458740234,
    4.600057601928711,
    4.621860504150391,
    4.454709053039551,
    4.525929927825928,
    4.530791282653809,
    4.491736888885498,
    4.561969757080078,
    4.887807369232178,
    4.6193695068359375,
    4.866061687469482,
    4.424571990966797,
    4.879927635192871,
    4.478997707366943,
    4.322602272033691,
    4.727987289428711,
    4.447861671447754,
    4.760128974914551,
    4.630878925323486,
    4.36748743057251,
    4.614943981170654,
    4.420768737792969,
    4.570762634277344,
    4.862486839294434,
    4.534329891204834,
    4.441112041473389,
    4.883669853210449,
    4.7583112716674805,
    4.8179497718811035,
    4.648895263671875,
    4.675769329071045,
    4.832038402557373,
    4.308121204376221,
    4.5191850662231445,
    4.310989856719971,
    4.524844169616699,
    4.8033952713012695,
    4.458070755004883,
    4.879929065704346,
    4.6976237297058105,
    4.7092671394348145,
    4.354032516479492,
    4.605058670043945,
    4.679266929626465,
    4.624366760253906,
    4.456264019012451,
    4.655287265777588,
    4.797552108764648,
    4.456127166748047,
    4.510727405548096,
    4.480778694152832,
    4.455394744873047,
    4.2780232429504395,
    4.591156959533691,
    4.361071586608887,
    4.700854778289795,
    4.895626544952393,
    4.705478191375732,
    4.640382289886475,
    4.8114776611328125,
    4.784090995788574,
    4.81352424621582,
    4.677254676818848,
    4.8055572509765625,
    4.33690071105957,
    4.4709882736206055,
    4.487941741943359,
    4.62771463394165,
    4.6920671463012695,
    4.661402702331543,
    4.225178241729736,
    4.893682956695557,
    4.412182807922363,
    4.863392353057861,
    4.358608245849609,
    4.779110908508301,
    4.520142078399658,
    4.84337043762207,
    4.208093643188477,
    4.855039119720459,
    4.853030204772949,
    4.382956504821777,
    4.522437572479248,
    4.752056121826172,
    4.687859535217285,
    4.485720634460449,
    4.388653755187988,
    4.757349014282227,
    4.429965972900391,
    4.901235580444336,
    4.8827667236328125,
    4.501887321472168,
    4.655089378356934,
    4.53657341003418,
    4.3134236335754395,
    4.393853187561035,
    4.896139144897461,
    4.232083320617676,
    4.541077136993408,
    4.547779560089111,
    4.557210445404053,
    4.558417320251465,
    4.793444633483887,
    4.548976421356201,
    4.88181209564209,
    4.550934791564941,
    4.31356143951416,
    4.793056488037109,
    4.896255016326904,
    4.265787601470947,
    4.518011093139648,
    4.340225696563721,
    4.492037296295166,
    4.464090824127197,
    4.719885349273682,
    4.7259368896484375,
    4.726643085479736,
    4.7659406661987305,
    4.864622116088867,
    4.467977523803711,
    4.535528659820557,
    4.501984596252441,
    4.50054931640625,
    4.868636131286621,
    4.735590934753418,
    4.5835652351379395,
    4.734674453735352,
    4.7041778564453125,
    4.6266045570373535,
    4.685027122497559,
    4.557826995849609,
    4.709201812744141,
    4.886533737182617,
    4.510899543762207,
    4.417855262756348,
    4.831894874572754,
    4.345092296600342,
    4.3119001388549805,
    4.904720783233643,
    4.885861396789551,
    4.3680644035339355,
    4.540197372436523,
    4.612514972686768,
    4.468504428863525,
    4.795230865478516,
    4.418740272521973,
    4.495644569396973,
    4.324160575866699,
    4.897975444793701,
    4.5591888427734375,
    4.7265238761901855,
    4.485930442810059,
    4.757289886474609,
    4.603574275970459,
    4.6927809715271,
    4.195237159729004,
    4.386000156402588,
    4.55697774887085,
    4.49247932434082,
    4.429826736450195,
    4.893493175506592,
    4.691025257110596,
    4.505153179168701,
    4.254796028137207,
    4.7222208976745605,
    4.482839584350586,
    4.868407249450684,
    4.836226463317871,
    4.81742000579834,
    4.79445219039917,
    4.688994407653809,
    4.703301429748535,
    4.84437370300293,
