{
  "approx_flops_per_example": 4194304,
  "avg_active_slots": 253.0,
  "avg_active_think_slots": 52.910494327545166,
  "avg_effective_depth": 4.557027995586395,
  "avg_slot_gate": 0.4166180584579706,
  "avg_step_gate": 0.8892569802701473,
  "dataset_name": "dataset",
  "depth_difficulty_corr": -0.8488385230302811,
  "epoch": 15,
  "final_train_loss": 2.235229767858982,
  "final_val_accuracy": 0.181640625,
  "final_val_f1": 0.0,
  "final_val_loss": 2.19130676984787,
  "model_name": "twr",
  "parameter_count": 69200,
  "peak_gpu_memory_mb": 55.625,
  "run_name": "twr_backbone_lra_listops_lean_stride1",
  "seed": 7,
  "throughput": 10467.58968495088
}