{
  "avg_active_think_slots": 20.817201256752014,
  "avg_slot_gate": 0.33043174631893635,
  "avg_step_gate": 0.9997243769466877,
  "depth_difficulty_corr": 0.20214509626384825,
  "run_name": "twr_scale25m_lra_listops",
  "sample_wise_depth_distribution": [
    6.999910831451416,
    6.999912261962891,
    6.9998064041137695,
    6.999911308288574,
    6.9996337890625,
    6.999912738800049,
    6.999912738800049,
    6.999912261962891,
    6.999806880950928,
    6.999584197998047,
    6.999912261962891,
    6.9992547035217285,
    6.993639945983887,
    6.999912261962891,
    6.999821662902832,
    6.999911308288574,
    6.999912261962891,
    6.993558883666992,
    6.999912261962891,
    6.999912261962891,
    6.999895095825195,
    6.999911308288574,
    6.999868392944336,
    6.999911308288574,
    6.990079879760742,
    6.999913215637207,
    6.998320579528809,
    6.999676704406738,
    6.999911308288574,
    6.999909400939941,
    6.999911785125732,
    6.999912261962891,
    6.999910354614258,
    6.999909400939941,
    6.999912261962891,
    6.999912261962891,
    6.999793529510498,
    6.999910354614258,
    6.999911308288574,
    6.999903678894043,
    6.999912261962891,
    6.999910354614258,
    6.999912261962891,
    6.992051124572754,
    6.999912261962891,
    6.999912261962891,
    6.993838310241699,
    6.999909400939941,
    6.99442195892334,
    6.99697208404541,
    6.999715805053711,
    6.9998860359191895,
    6.992030143737793,
    6.992252826690674,
    6.992504119873047,
    6.994454383850098,
    6.998682022094727,
    6.994539737701416,
    6.995246887207031,
    6.999869346618652,
    6.999655723571777,
    6.999911308288574,
    6.993234634399414,
    6.999904632568359,
    6.999704360961914,
    6.999912738800049,
    6.999911308288574,
    6.999912261962891,
    6.992167949676514,
    6.999909400939941,
    6.998677730560303,
    6.999911785125732,
    6.994651794433594,
    6.999912261962891,
    6.999912261962891,
    6.999909400939941,
    6.9998979568481445,
    6.9999098777771,
    6.999911308288574,
    6.999909400939941,
    6.999869346618652,
    6.999912261962891,
    6.990407943725586,
    6.999912261962891,
    6.999911308288574,
    6.999444007873535,
    6.997419834136963,
    6.999912738800049,
    6.999910354614258,
    6.999912261962891,
    6.999912261962891,
    6.999912261962891,
    6.999912261962891,
    6.991605281829834,
    6.999912261962891,
    6.992925643920898,
    6.999912261962891,
    6.999911308288574,
    6.998382568359375,
    6.99989652633667,
    6.999912261962891,
    6.99975061416626,
    6.999912261962891,
    6.999912261962891,
    6.996555328369141,
    6.999912738800049,
    6.999754428863525,
    6.995223045349121,
    6.999912261962891,
    6.999898433685303,
    6.999912261962891,
    6.999911308288574,
    6.999909400939941,
    6.99307107925415,
    6.986194610595703,
    6.999866962432861,
    6.9998931884765625,
    6.999897480010986,
    6.993901252746582,
    6.999876022338867,
    6.999906539916992,
    6.999782562255859,
    6.999910354614258,
    6.992700576782227,
    6.9921793937683105,
    6.999905586242676,
    6.9894208908081055,
    6.999911785125732,
    6.999851226806641,
    6.999905586242676,
    6.999912261962891,
    6.999532699584961,
    6.999912261962891,
    6.999911785125732,
    6.999856948852539,
    6.999912738800049,
    6.9965667724609375,
    6.999912261962891,
    6.999905586242676,
    6.999284744262695,
    6.9946746826171875,
    6.999907493591309,
    6.999905586242676,
    6.998650550842285,
    6.999911785125732,
    6.999912261962891,
    6.999904155731201,
    6.993328094482422,
    6.999911308288574,
    6.999905109405518,
    6.999912261962891,
    6.995612144470215,
    6.999216079711914,
    6.992471694946289,
    6.999911785125732,
    6.999899864196777,
    6.994928359985352,
    6.999324798583984,
    6.991806983947754,
    6.999911308288574,
    6.99969482421875,
    6.999902725219727,
    6.999903678894043,
    6.992093086242676,
    6.999898910522461,
    6.99204158782959,
    6.99989128112793,
    6.999911308288574,
    6.989474773406982,
    6.991930961608887,
    6.999912261962891,
    6.993533611297607,
    6.999910831451416,
    6.999711990356445,
    6.999912738800049,
    6.990283012390137,
    6.992805480957031,
    6.9999098777771,
    6.99990177154541,
    6.999911785125732,
    6.999905586242676,
    6.999876976013184,
    6.999887466430664,
    6.999869346618652,
    6.999911785125732,
    6.999912738800049,
    6.999912261962891,
    6.999911308288574,
    6.999911308288574,
    6.999909400939941,
    6.99949312210083,
    6.999910831451416,
    6.999614715576172,
    6.999912261962891,
    6.997527599334717,
    6.999373912811279,
    6.992314338684082,
    6.9998908042907715,
    6.999906539916992,
    6.999911785125732,
    6.999911308288574,
    6.999890327453613,
    6.99990177154541,
    6.999912261962891,
    6.999881744384766,
    6.999294281005859,
    6.999903678894043,
    6.99287223815918,
    6.9920196533203125,
    6.999912261962891,
    6.999912261962891,
    6.999912261962891,
    6.999905109405518,
    6.994875907897949,
    6.997967720031738,
    6.999909400939941,
    6.999912261962891,
    6.999911785125732,
    6.999913215637207,
    6.999912261962891,
    6.998645782470703,
    6.999905586242676,
    6.999902725219727,
    6.999912261962891,
    6.999903678894043,
    6.995904922485352,
    6.999751091003418,
    6.999912261962891,
    6.99695348739624,
    6.999759674072266,
    6.999911785125732,
    6.998122692108154,
    6.9929914474487305,
    6.999912261962891,
    6.990781307220459,
    6.999913215637207,
    6.99986457824707,
    6.992028713226318,
    6.999911785125732,
    6.998995780944824,
    6.999902248382568,
    6.999912261962891,
    6.999887943267822,
    6.999911308288574,
    6.999912261962891,
    6.999912261962891,
    6.999912261962891,
    6.999911785125732,
    6.99990701675415,
    6.999912261962891,
    6.999685287475586,
    6.999912261962891,
    6.996459007263184,
    6.999911785125732,
    6.999896049499512,
    6.999911785125732,
    6.997411727905273,
    6.999608039855957,
    6.999912261962891,
    6.99989652633667,
    6.999912261962891,
    6.999890327453613,
    6.999906539916992,
    6.994636535644531,
    6.992770195007324,
    6.997841835021973,
    6.999905586242676,
    6.999911785125732,
    6.999912261962891,
    6.999911308288574,
    6.999909400939941,
    6.996222019195557,
    6.999911785125732,
    6.999908447265625,
    6.995959758758545,
    6.993036270141602,
    6.999699115753174,
    6.999912261962891,
    6.989549160003662,
    6.999903678894043,
    6.999913215637207,
    6.989348411560059,
    6.99183464050293,
    6.992382049560547,
    6.999911785125732,
    6.992754936218262,
    6.999897480010986,
    6.999817848205566,
    6.9999098777771,
    6.999595642089844,
    6.999909400939941,
    6.999907493591309,
    6.999906063079834,
    6.9925312995910645,
    6.999906539916992,
    6.999903678894043,
    6.999850749969482,
    6.999912261962891,
    6.99899959564209,
    6.99493932723999,
    6.999912738800049,
    6.999912261962891,
    6.999809741973877,
    6.993060111999512,
    6.999912261962891,
    6.999902725219727,
    6.9998321533203125,
    6.998141288757324,
    6.999902725219727,
    6.999911308288574,
    6.999912261962891,
    6.999910831451416,
    6.999912261962891,
    6.99911642074585,
    6.992162704467773,
    6.995975971221924,
    6.999907493591309,
    6.992812633514404,
    6.999912261962891,
    6.995696067810059,
    6.999910831451416,
    6.999026298522949,
    6.999793529510498,
    6.999912261962891,
    6.999911785125732,
    6.997122764587402,
    6.999912261962891,
    6.9993577003479,
    6.9998931884765625,
    6.999902725219727,
    6.9998779296875,
    6.999906063079834,
    6.999912261962891,
    6.999908447265625,
    6.999912261962891,
    6.999912261962891,
    6.999912261962891,
