{
  "avg_active_think_slots": 19.727803468704224,
  "avg_slot_gate": 0.3131397217512131,
  "avg_step_gate": 0.9635793939232826,
  "depth_difficulty_corr": -0.598160944879055,
  "run_name": "twr_scale6p3m_lra_listops_100ep",
  "sample_wise_depth_distribution": [
    6.8092546463012695,
    6.8113579750061035,
    6.805656433105469,
    6.767719268798828,
    6.820537567138672,
    6.7707672119140625,
    6.714572906494141,
    6.825247764587402,
    6.774657249450684,
    6.798007965087891,
    6.840782165527344,
    6.785832405090332,
    6.774858474731445,
    6.736527442932129,
    6.7989702224731445,
    6.752494812011719,
    6.7447662353515625,
    6.779173374176025,
    6.785922050476074,
    6.75166130065918,
    6.801253318786621,
    6.780178070068359,
    6.801186561584473,
    6.794528007507324,
    6.805621147155762,
    6.785001754760742,
    6.775528907775879,
    6.783234596252441,
    6.771378517150879,
    6.776244640350342,
    6.779079437255859,
    6.7832441329956055,
    6.794100761413574,
    6.762269973754883,
    6.797604084014893,
    6.78126335144043,
    6.800483703613281,
    6.776556015014648,
    6.7232232093811035,
    6.7350544929504395,
    6.799976825714111,
    6.745059013366699,
    6.799308776855469,
    6.780174255371094,
    6.8094377517700195,
    6.760418891906738,
    6.724358081817627,
    6.767277240753174,
    6.777349948883057,
    6.8137969970703125,
    6.785202980041504,
    6.811788558959961,
    6.758699417114258,
    6.734316825866699,
    6.783018589019775,
    6.769314765930176,
    6.755017280578613,
    6.776714324951172,
    6.7873640060424805,
    6.811260223388672,
    6.785366058349609,
    6.813355445861816,
    6.797290325164795,
    6.659047603607178,
    6.780728340148926,
    6.733814239501953,
    6.787369251251221,
    6.834388732910156,
    6.749905586242676,
    6.7845458984375,
    6.819691181182861,
    6.804685592651367,
    6.79974889755249,
    6.80279541015625,
    6.765956401824951,
    6.718810558319092,
    6.763521194458008,
    6.792816162109375,
    6.804549217224121,
    6.820441722869873,
    6.639156818389893,
    6.7373270988464355,
    6.777892112731934,
    6.775981903076172,
    6.720371246337891,
    6.805819511413574,
    6.81546688079834,
    6.757147789001465,
    6.758667945861816,
    6.774625301361084,
    6.821542263031006,
    6.806273460388184,
    6.799542427062988,
    6.778866291046143,
    6.7918267250061035,
    6.7716064453125,
    6.783097267150879,
    6.800343036651611,
    6.789690017700195,
    6.753749847412109,
    6.829694747924805,
    6.752326965332031,
    6.79737663269043,
    6.773503303527832,
    6.7939677238464355,
    6.789832592010498,
    6.758187770843506,
    6.751226425170898,
    6.782590866088867,
    6.793139457702637,
    6.802496433258057,
    6.74946403503418,
    6.77506160736084,
    6.789270401000977,
    6.783675193786621,
    6.804431915283203,
    6.78443717956543,
    6.804111480712891,
    6.792840957641602,
    6.76662540435791,
    6.722031116485596,
    6.829251289367676,
    6.782079696655273,
    6.80165958404541,
    6.82505989074707,
    6.75901460647583,
    6.753911972045898,
    6.820826530456543,
    6.776387691497803,
    6.801407814025879,
    6.794996738433838,
    6.806638717651367,
    6.789313316345215,
    6.805191993713379,
    6.81214714050293,
    6.736547946929932,
    6.780734062194824,
    6.80003547668457,
    6.792215347290039,
    6.78866720199585,
    6.80718994140625,
    6.767140865325928,
    6.680482864379883,
    6.7293806076049805,
    6.833062648773193,
    6.811444282531738,
    6.775339126586914,
    6.758745193481445,
    6.7513933181762695,
    6.799473762512207,
    6.764854431152344,
    6.801079750061035,
    6.787936210632324,
    6.822752475738525,
    6.797968864440918,
    6.744762420654297,
    6.802351951599121,
    6.787757873535156,
    6.7797770500183105,
    6.807967185974121,
    6.794399261474609,
    6.785485744476318,
    6.748324394226074,
    6.806368827819824,
    6.789298057556152,
    6.79639196395874,
    6.783018112182617,
    6.780172824859619,
    6.776656627655029,
    6.7676591873168945,
    6.71486759185791,
    6.758471965789795,
    6.674281120300293,
    6.815641403198242,
    6.727048397064209,
    6.80124568939209,
    6.83738374710083,
    6.765364646911621,
    6.823849678039551,
    6.761388778686523,
    6.791014671325684,
    6.838738918304443,
    6.78788948059082,
    6.818333625793457,
    6.790813446044922,
    6.766246318817139,
    6.757210731506348,
    6.808915138244629,
    6.743978977203369,
    6.807681083679199,
    6.732011795043945,
    6.79245138168335,
    6.746760845184326,
    6.726374626159668,
    6.815550327301025,
    6.79494571685791,
    6.795696258544922,
    6.800130844116211,
    6.73000431060791,
    6.824442386627197,
    6.75590705871582,
    6.805327415466309,
    6.7439422607421875,
    6.823277950286865,
    6.745183944702148,
    6.752783298492432,
    6.746884346008301,
    6.785068511962891,
    6.7492265701293945,
    6.782201290130615,
    6.79590368270874,
    6.819772720336914,
    6.773966312408447,
    6.802837371826172,
    6.821506500244141,
    6.767383575439453,
    6.826718330383301,
    6.793440818786621,
    6.765091896057129,
    6.736739158630371,
    6.747947692871094,
    6.730231285095215,
    6.758035659790039,
    6.794693946838379,
    6.735775947570801,
    6.772062301635742,
    6.809734344482422,
    6.807961940765381,
    6.760456085205078,
    6.776496887207031,
    6.781886577606201,
    6.775911808013916,
    6.822659969329834,
    6.772589683532715,
    6.778078079223633,
    6.740093231201172,
    6.808805465698242,
    6.745522499084473,
    6.782857894897461,
    6.769259452819824,
    6.83304500579834,
    6.782649993896484,
    6.784684181213379,
    6.840582370758057,
    6.786184787750244,
    6.744903564453125,
    6.803983688354492,
    6.754290580749512,
    6.841629505157471,
    6.781976699829102,
    6.797948837280273,
    6.759068012237549,
    6.771758079528809,
    6.80865478515625,
    6.775641441345215,
    6.7730560302734375,
    6.80814790725708,
    6.798555374145508,
    6.774025917053223,
    6.839420318603516,
    6.80925178527832,
    6.786532878875732,
    6.79250955581665,
    6.734313011169434,
    6.7493133544921875,
    6.7509846687316895,
    6.761475563049316,
    6.7988176345825195,
    6.820413112640381,
    6.7404985427856445,
    6.750181198120117,
    6.810813903808594,
    6.822296619415283,
    6.816162109375,
    6.783729553222656,
    6.789972305297852,
    6.786223411560059,
    6.772871017456055,
    6.756429195404053,
    6.774874687194824,
    6.777921676635742,
    6.8062944412231445,
    6.730375289916992,
    6.797715187072754,
    6.791714668273926,
    6.775153160095215,
    6.781613349914551,
    6.75723123550415,
    6.766351699829102,
    6.739381790161133,
    6.772837162017822,
    6.7979044914245605,
    6.772130012512207,
    6.755169868469238,
    6.782288551330566,
    6.803772926330566,
    6.81003475189209,
    6.76505184173584,
    6.822390079498291,
    6.814998626708984,
    6.768767356872559,
    6.764583587646484,
    6.758096694946289,
    6.7967424392700195,
    6.797127723693848,
    6.813469886779785,
    6.768680572509766,
    6.805934906005859,
    6.804316520690918,
    6.815372943878174,
    6.7670512199401855,
    6.760022163391113,
    6.770962715148926,
    6.803887367248535,
    6.7382307052612305,
    6.784361839294434,
    6.796735763549805,
    6.81206750869751,
    6.841818809509277,
    6.799417495727539,
    6.776218891143799,
    6.8169660568237305,
    6.767879009246826,
    6.763195037841797,
    6.786264896392822,
    6.820481300354004,
    6.791080474853516,
    6.799959659576416,
    6.705714225769043,
    6.739862442016602,
    6.7775373458862305,
    6.788241863250732,
    6.768232345581055,
    6.776877403259277,
    6.771778583526611,
    6.77655553817749,
