{
  "approx_flops_per_example": 50331648,
  "avg_active_slots": 125.0,
  "avg_active_think_slots": 19.162310123443604,
  "avg_effective_depth": 6.6417016088962555,
  "avg_slot_gate": 0.3041636310517788,
  "avg_step_gate": 0.9402836225926876,
  "dataset_name": "dataset",
  "depth_difficulty_corr": -0.8750619776546955,
  "epoch": 8,
  "final_train_loss": 2.033567002043128,
  "final_val_accuracy": 0.31640625,
  "final_val_f1": 0.0,
  "final_val_loss": 2.013325907289982,
  "model_name": "twr",
  "parameter_count": 6336272,
  "peak_gpu_memory_mb": 516.306640625,
  "run_name": "twr_scale6p3m_lra_listops_100ep",
  "seed": 7,
  "throughput": 736.0785457353833
}