{
  "approx_flops_per_example": 201326592,
  "avg_active_slots": 253.0,
  "avg_active_think_slots": 36.96023488044739,
  "avg_effective_depth": 6.336700201034546,
  "avg_slot_gate": 0.2910254616290331,
  "avg_step_gate": 0.8894500508904457,
  "dataset_name": "dataset",
  "depth_difficulty_corr": -0.06899444866576232,
  "epoch": 1,
  "final_train_loss": 2.8568955287337303,
  "final_val_accuracy": 0.076171875,
  "final_val_f1": 0.0,
  "final_val_loss": 2.827354997396469,
  "model_name": "twr",
  "parameter_count": 6544662,
  "peak_gpu_memory_mb": 929.66162109375,
  "run_name": "twr_scale6p3m_ruler_needle_100ep",
  "seed": 7,
  "throughput": 369.96054300353995
}