{
  "avg_active_think_slots": 18.63435173034668,
  "avg_slot_gate": 0.29578334279358387,
  "avg_step_gate": 0.9469603411853313,
  "depth_difficulty_corr": -0.34804581943899393,
  "run_name": "twr_scale2p8m_lra_listops_100ep",
  "sample_wise_depth_distribution": [
    6.688580513000488,
    6.6737236976623535,
    6.712479591369629,
    6.68625545501709,
    6.706928253173828,
    6.609655857086182,
    6.710751056671143,
    6.702573776245117,
    6.6971282958984375,
    6.668323040008545,
    6.717191696166992,
    6.607425212860107,
    6.735174179077148,
    6.666802406311035,
    6.715629577636719,
    6.731368064880371,
    6.652044296264648,
    6.697829723358154,
    6.676945686340332,
    6.670769214630127,
    6.636789321899414,
    6.662436485290527,
    6.710971355438232,
    6.714827537536621,
    6.7272748947143555,
    6.712711334228516,
    6.672418594360352,
    6.68259334564209,
    6.633304595947266,
    6.6871490478515625,
    6.652309417724609,
    6.644909858703613,
    6.651267051696777,
    6.657093048095703,
    6.714982986450195,
    6.6862287521362305,
    6.678311347961426,
    6.711732864379883,
    6.637862205505371,
    6.6988935470581055,
    6.720324516296387,
    6.704104900360107,
    6.736638069152832,
    6.647819995880127,
    6.591220855712891,
    6.581118583679199,
    6.769898414611816,
    6.636207580566406,
    6.719261169433594,
    6.714303493499756,
    6.685851097106934,
    6.711209297180176,
    6.622722625732422,
    6.661977767944336,
    6.725217819213867,
    6.722817897796631,
    6.6952948570251465,
    6.7101240158081055,
    6.610774993896484,
    6.666716575622559,
    6.723064422607422,
    6.707752227783203,
    6.711986541748047,
    6.6427459716796875,
    6.6309027671813965,
    6.6036458015441895,
    6.629065990447998,
    6.700008869171143,
    6.739248275756836,
    6.615614891052246,
    6.707174301147461,
    6.711727142333984,
    6.7018585205078125,
    6.719981670379639,
    6.663962364196777,
    6.6580424308776855,
    6.704370975494385,
    6.7065110206604,
    6.684018135070801,
    6.7050981521606445,
    6.634417533874512,
    6.665648460388184,
    6.71890115737915,
    6.703739166259766,
    6.632995128631592,
    6.62162971496582,
    6.709458827972412,
    6.5947699546813965,
    6.694365501403809,
    6.685399055480957,
    6.699672698974609,
    6.711831092834473,
    6.5592756271362305,
    6.712612628936768,
    6.72084903717041,
    6.690186977386475,
    6.6807451248168945,
    6.6673078536987305,
    6.725801467895508,
    6.623500347137451,
    6.704647064208984,
    6.705107688903809,
    6.739231109619141,
    6.700489044189453,
    6.692663192749023,
    6.582205772399902,
    6.679129600524902,
    6.602405071258545,
    6.615805625915527,
    6.7022857666015625,
    6.69601583480835,
    6.708536148071289,
    6.556207656860352,
    6.681110858917236,
    6.715549945831299,
    6.723381519317627,
    6.702430725097656,
    6.584637641906738,
    6.710587024688721,
    6.708602428436279,
    6.666075706481934,
    6.697452068328857,
    6.709692001342773,
    6.737489700317383,
    6.717565536499023,
    6.731566429138184,
    6.731842041015625,
    6.66914176940918,
    6.692405700683594,
    6.6775312423706055,
    6.634204864501953,
    6.683353424072266,
    6.685453414916992,
    6.706374168395996,
    6.669419288635254,
    6.718579292297363,
    6.653862476348877,
    6.72244119644165,
    6.679191589355469,
    6.715214252471924,
    6.705888748168945,
    6.619050979614258,
    6.667932510375977,
    6.6465559005737305,
    6.705319881439209,
    6.712111473083496,
    6.654187202453613,
    6.727486610412598,
    6.723358154296875,
    6.6898193359375,
    6.674115180969238,
    6.714224815368652,
    6.696320056915283,
    6.666936874389648,
    6.727724075317383,
    6.674801826477051,
    6.7044243812561035,
    6.699872016906738,
    6.732086658477783,
    6.687990188598633,
    6.570799827575684,
    6.720189094543457,
    6.743162155151367,
    6.715986251831055,
    6.654823303222656,
    6.7177348136901855,
    6.728875160217285,
    6.696526527404785,
    6.690959930419922,
    6.724836349487305,
    6.700135231018066,
    6.687093734741211,
    6.701988220214844,
    6.719766139984131,
    6.67852783203125,
    6.705981254577637,
    6.72066068649292,
    6.660633087158203,
    6.709094047546387,
    6.703767776489258,
    6.678720474243164,
    6.719341278076172,
    6.683197021484375,
    6.711729049682617,
    6.725085735321045,
    6.593156814575195,
    6.606438636779785,
    6.7204694747924805,
    6.6479034423828125,
    6.681990146636963,
    6.642413139343262,
    6.6526899337768555,
    6.625898361206055,
    6.63874626159668,
    6.712484359741211,
    6.7313151359558105,
    6.705255508422852,
    6.697711944580078,
    6.649127006530762,
    6.730844497680664,
    6.691553592681885,
    6.71451473236084,
    6.722492218017578,
    6.703968524932861,
    6.615257263183594,
    6.624582290649414,
    6.694359302520752,
    6.717439651489258,
    6.741082191467285,
    6.696304798126221,
    6.713003158569336,
    6.7111124992370605,
    6.671607494354248,
    6.712524890899658,
    6.7007551193237305,
    6.651426315307617,
    6.699958801269531,
    6.755146026611328,
    6.549445629119873,
    6.748530864715576,
    6.647308349609375,
    6.659097671508789,
    6.666041851043701,
    6.710631847381592,
    6.679239273071289,
    6.654892921447754,
    6.6833367347717285,
    6.666134357452393,
    6.701388359069824,
    6.714169502258301,
    6.569101333618164,
    6.719700813293457,
    6.697442054748535,
    6.702042579650879,
    6.715721130371094,
    6.708640098571777,
    6.680278778076172,
    6.670011520385742,
    6.705470085144043,
    6.633896827697754,
    6.652064800262451,
    6.624357223510742,
    6.672313690185547,
    6.717001438140869,
    6.672940254211426,
    6.555105209350586,
    6.7033891677856445,
    6.696868896484375,
    6.715245723724365,
    6.613307952880859,
    6.7076191902160645,
    6.748116493225098,
    6.716118812561035,
    6.668912887573242,
    6.658484935760498,
    6.710607528686523,
    6.710422515869141,
    6.661843776702881,
    6.6580634117126465,
    6.681692123413086,
    6.692828178405762,
    6.711128234863281,
    6.6162567138671875,
    6.711626052856445,
    6.710926532745361,
    6.661888599395752,
    6.652536392211914,
    6.70227575302124,
    6.7051615715026855,
    6.563499450683594,
    6.6250319480896,
    6.707886695861816,
    6.6985764503479,
    6.695944786071777,
    6.693723678588867,
    6.7144246101379395,
    6.611582279205322,
    6.566076278686523,
    6.6535234451293945,
    6.598794460296631,
    6.638951301574707,
    6.695805549621582,
    6.6464738845825195,
    6.716685771942139,
    6.733752727508545,
    6.546777248382568,
    6.710349082946777,
    6.727784156799316,
    6.673979759216309,
    6.745628833770752,
    6.561505317687988,
    6.683039665222168,
    6.735800743103027,
    6.676639080047607,
    6.694711685180664,
    6.716053009033203,
    6.7100372314453125,
    6.672638893127441,
    6.714322090148926,
    6.692014694213867,
    6.675660133361816,
    6.642634868621826,
    6.674189567565918,
    6.704889297485352,
    6.674873352050781,
    6.683945655822754,
    6.686047554016113,
    6.707082748413086,
    6.687689781188965,
    6.59597635269165,
    6.598949432373047,
    6.701061248779297,
    6.72213077545166,
    6.647312164306641,
    6.648135185241699,
    6.722005844116211,
    6.707073211669922,
    6.69376277923584,
    6.716456413269043,
    6.715872764587402,
    6.701463222503662,
    6.679471015930176,
    6.652555465698242,
    6.617452144622803,
    6.694754123687744,
    6.712043762207031,
    6.540740489959717,
    6.693786144256592,
    6.685857772827148,
    6.597638130187988,
    6.690250873565674,
    6.66316556930542,
    6.693350791931152,
    6.684078693389893,
    6.565518856048584,
