{
  "avg_active_think_slots": 20.56189274787903,
  "avg_slot_gate": 0.32637923397123814,
  "avg_step_gate": 0.9922292344272137,
  "depth_difficulty_corr": 0.0074858249790850095,
  "run_name": "twr_scale25m_lra_listops_100ep",
  "sample_wise_depth_distribution": [
    6.936046123504639,
    6.980907917022705,
    6.946033477783203,
    6.958921432495117,
    6.9799346923828125,
    6.951225280761719,
    6.945508003234863,
    6.972651481628418,
    6.938336372375488,
    6.966836452484131,
    6.980399131774902,
    6.949165344238281,
    6.9520087242126465,
    6.944202423095703,
    6.93538236618042,
    6.922450542449951,
    6.959610939025879,
    6.936116695404053,
    6.959194183349609,
    6.963540554046631,
    6.946935653686523,
    6.9459228515625,
    6.964118957519531,
    6.958817481994629,
    6.895742416381836,
    6.979012489318848,
    6.934868335723877,
    6.963277339935303,
    6.959444046020508,
    6.959856986999512,
    6.963040351867676,
    6.956571578979492,
    6.955053806304932,
    6.9618120193481445,
    6.956883430480957,
    6.953418731689453,
    6.9581804275512695,
    6.9540791511535645,
    6.97627067565918,
    6.9320783615112305,
    6.950497150421143,
    6.878355026245117,
    6.965397834777832,
    6.924789905548096,
    6.9783453941345215,
    6.909502983093262,
    6.9607696533203125,
    6.9658026695251465,
    6.95309591293335,
    6.897085666656494,
    6.9492692947387695,
    6.921885013580322,
    6.924824237823486,
    6.939451217651367,
    6.955929756164551,
    6.974322319030762,
    6.945679664611816,
    6.942715167999268,
    6.967233657836914,
    6.946013450622559,
    6.940620422363281,
    6.968379497528076,
    6.880616188049316,
    6.969968795776367,
    6.924152374267578,
    6.981387615203857,
    6.9572553634643555,
    6.980495452880859,
    6.950310230255127,
    6.9245734214782715,
    6.934093475341797,
    6.977866172790527,
    6.944614887237549,
    6.968942165374756,
    6.959611892700195,
    6.933284759521484,
    6.941220283508301,
    6.971756935119629,
    6.936060428619385,
    6.964245796203613,
    6.967923164367676,
    6.946393966674805,
    6.920097351074219,
    6.954607009887695,
    6.957020282745361,
    6.8735809326171875,
    6.946438789367676,
    6.981250286102295,
    6.973845958709717,
    6.978994846343994,
    6.959458827972412,
    6.950665473937988,
    6.941389083862305,
    6.930386543273926,
    6.966689586639404,
    6.964535236358643,
    6.9588775634765625,
    6.960405349731445,
    6.935676574707031,
    6.9389495849609375,
    6.966596603393555,
    6.916762351989746,
    6.947737693786621,
    6.9399919509887695,
    6.950620651245117,
    6.955128192901611,
    6.94926643371582,
    6.949921607971191,
    6.972265243530273,
    6.9782209396362305,
    6.95622444152832,
    6.941158294677734,
    6.976926803588867,
    6.949395656585693,
    6.965297698974609,
    6.962120056152344,
    6.9568328857421875,
    6.956183433532715,
    6.956870079040527,
    6.946122169494629,
    6.953029632568359,
    6.960843086242676,
    6.974793434143066,
    6.944993019104004,
    6.958616256713867,
    6.9800639152526855,
    6.949553966522217,
    6.958462238311768,
    6.97030782699585,
    6.961612224578857,
    6.9668684005737305,
    6.9350481033325195,
    6.965938568115234,
    6.968626976013184,
    6.968709468841553,
    6.966879367828369,
    6.9464111328125,
    6.974773406982422,
    6.929500579833984,
    6.829659461975098,
    6.961018085479736,
    6.962676048278809,
    6.927543640136719,
    6.918797969818115,
    6.980530738830566,
    6.982267379760742,
    6.945784568786621,
    6.956031799316406,
    6.960906028747559,
    6.933055877685547,
    6.927822589874268,
    6.9638991355896,
    6.946283340454102,
    6.951490879058838,
    6.981573104858398,
    6.949707984924316,
    6.955244541168213,
    6.941557884216309,
    6.936792850494385,
    6.975673675537109,
    6.899559020996094,
    6.940392971038818,
    6.967520236968994,
    6.925904750823975,
    6.957677841186523,
    6.95262336730957,
    6.945165634155273,
    6.951769828796387,
    6.951103210449219,
    6.941839218139648,
    6.974997520446777,
    6.9002604484558105,
    6.975072860717773,
    6.938074111938477,
    6.980342864990234,
    6.968520164489746,
    6.972292423248291,
    6.967065811157227,
    6.979578971862793,
    6.95609188079834,
    6.908657073974609,
    6.938265800476074,
    6.975801944732666,
    6.970578193664551,
    6.978981971740723,
    6.937483310699463,
    6.970155715942383,
    6.9666948318481445,
    6.9695234298706055,
    6.968868255615234,
    6.955742359161377,
    6.96092414855957,
    6.942526817321777,
    6.960751056671143,
    6.9339094161987305,
    6.962940216064453,
    6.950867652893066,
    6.968334674835205,
    6.929105281829834,
    6.979449272155762,
    6.934104919433594,
    6.968057632446289,
    6.976690769195557,
    6.9662580490112305,
    6.9466552734375,
    6.948751926422119,
    6.908965110778809,
    6.936939239501953,
    6.933504104614258,
    6.982792854309082,
    6.9716925621032715,
    6.973644256591797,
    6.952064514160156,
    6.919415473937988,
    6.932463645935059,
    6.951053619384766,
    6.97412633895874,
    6.952275276184082,
    6.966243743896484,
    6.976312160491943,
    6.95483922958374,
    6.978939056396484,
    6.957296848297119,
    6.983475685119629,
    6.9241623878479,
    6.955130577087402,
    6.940511703491211,
    6.948142051696777,
    6.951589107513428,
    6.960453033447266,
    6.951415061950684,
    6.975452899932861,
    6.938699722290039,
    6.92057466506958,
    6.950244426727295,
    6.966263771057129,
    6.951878547668457,
    6.939657211303711,
    6.978117942810059,
    6.973118305206299,
    6.943432807922363,
    6.915539264678955,
    6.905426979064941,
    6.9800214767456055,
    6.9801530838012695,
    6.957719326019287,
    6.978578090667725,
    6.959056854248047,
    6.975513458251953,
    6.98162841796875,
    6.962743759155273,
    6.966012001037598,
    6.913553714752197,
    6.941527843475342,
    6.900574684143066,
    6.947912216186523,
    6.96246862411499,
    6.950081825256348,
    6.971231460571289,
    6.947722434997559,
    6.958575248718262,
    6.981738090515137,
    6.946791172027588,
    6.952828407287598,
    6.889013290405273,
    6.959507942199707,
    6.951161861419678,
    6.979768753051758,
    6.963574409484863,
    6.931844711303711,
    6.913673400878906,
    6.942295074462891,
    6.977207660675049,
    6.950952529907227,
    6.967502593994141,
    6.958491325378418,
    6.9463090896606445,
    6.945191383361816,
    6.95132303237915,
    6.945385932922363,
    6.98086404800415,
    6.924234867095947,
    6.907581329345703,
    6.94581937789917,
    6.981090545654297,
    6.908369064331055,
    6.942499160766602,
    6.977150917053223,
    6.9752726554870605,
    6.937752723693848,
    6.949262619018555,
    6.970213890075684,
    6.898714065551758,
    6.910684585571289,
    6.936471939086914,
    6.973729133605957,
    6.918259620666504,
    6.969204902648926,
    6.949169635772705,
    6.944260597229004,
    6.972904205322266,
    6.924463272094727,
    6.920515060424805,
    6.968400955200195,
    6.970241069793701,
    6.981057167053223,
    6.927033424377441,
    6.93017578125,
    6.970887184143066,
    6.965760231018066,
    6.9732513427734375,
    6.920561790466309,
    6.975159645080566,
    6.952795028686523,
    6.895604133605957,
    6.9191999435424805,
    6.96949577331543,
    6.916497230529785,
    6.980416297912598,
    6.928862571716309,
    6.9710612297058105,
    6.964559555053711,
    6.945845127105713,
    6.974037170410156,
    6.948930740356445,
    6.92827033996582,
    6.965310096740723,
    6.928489685058594,
    6.9448041915893555,
    6.969818592071533,
    6.966463565826416,
    6.951945781707764,
    6.951220512390137,
    6.976789474487305,
    6.952399253845215,
    6.967371940612793,
