{
  "approx_flops_per_example": 100663296,
  "avg_active_slots": 125.0,
  "avg_active_think_slots": 20.601001620292664,
  "avg_effective_depth": 6.953772246837616,
  "avg_slot_gate": 0.32700002007186413,
  "avg_step_gate": 0.9922953769564629,
  "dataset_name": "dataset",
  "depth_difficulty_corr": -0.07350497346487828,
  "epoch": 9,
  "final_train_loss": 1.9560024347156286,
  "final_val_accuracy": 0.283203125,
  "final_val_f1": 0.0,
  "final_val_loss": 2.0458654314279556,
  "model_name": "twr",
  "parameter_count": 25054736,
  "peak_gpu_memory_mb": 1199.48828125,
  "run_name": "twr_scale25m_lra_listops_100ep",
  "seed": 7,
  "throughput": 210.4463337209852
}