{
  "approx_flops_per_example": 16777216,
  "avg_active_slots": 257.0,
  "avg_active_think_slots": 34.89844822883606,
  "avg_effective_depth": 6.661392062902451,
  "avg_slot_gate": 0.27053060196340084,
  "avg_step_gate": 0.8019867278635502,
  "dataset_name": "dataset",
  "depth_difficulty_corr": 0.5854871980845928,
  "epoch": 4,
  "final_train_loss": 2.8068556301295757,
  "final_val_accuracy": 0.048828125,
  "final_val_f1": 0.0,
  "final_val_loss": 2.7944612354040146,
  "model_name": "twr",
  "parameter_count": 92487,
  "peak_gpu_memory_mb": 79.06396484375,
  "run_name": "twr_backbone_ruler_needle_lean_memory",
  "seed": 7,
  "throughput": 5690.649575583085
}