{
  "approx_flops_per_example": 268435456,
  "avg_active_slots": 253.0,
  "avg_active_think_slots": 36.66807174682617,
  "avg_effective_depth": 6.657200038433075,
  "avg_slot_gate": 0.2887249644845724,
  "avg_step_gate": 0.942866712808609,
  "dataset_name": "dataset",
  "depth_difficulty_corr": -0.5879288967698812,
  "epoch": 8,
  "final_train_loss": 2.6798887215554714,
  "final_val_accuracy": 0.107421875,
  "final_val_f1": 0.0,
  "final_val_loss": 2.8764373511075974,
  "model_name": "twr",
  "parameter_count": 11475990,
  "peak_gpu_memory_mb": 1272.87451171875,
  "run_name": "twr_scale11p2m_ruler_needle_100ep",
  "seed": 7,
  "throughput": 224.72966925678514
}