{
  "avg_active_think_slots": 42.020782709121704,
  "avg_slot_gate": 0.656574722379446,
  "avg_step_gate": 0.8741197027266026,
  "depth_difficulty_corr": -0.8145083300769329,
  "run_name": "twr_backbone_lra_listops_lean_think2",
  "sample_wise_depth_distribution": [
    2.7566590309143066,
    2.7539565563201904,
    2.75703501701355,
    2.7302420139312744,
    2.7328991889953613,
    2.741636276245117,
    2.7461462020874023,
    2.759474515914917,
    2.758932590484619,
    2.7479171752929688,
    2.766374111175537,
    2.7534995079040527,
    2.749056577682495,
    2.7352752685546875,
    2.761446475982666,
    2.730173349380493,
    2.7450926303863525,
    2.758425235748291,
    2.715235710144043,
    2.724867105484009,
    2.7483811378479004,
    2.7444663047790527,
    2.7655153274536133,
    2.7398016452789307,
    2.767152786254883,
    2.7225499153137207,
    2.754775047302246,
    2.7380144596099854,
    2.7279481887817383,
    2.7602124214172363,
    2.763009548187256,
    2.754863739013672,
    2.744276285171509,
    2.750126600265503,
    2.7489471435546875,
    2.7504520416259766,
    2.763909101486206,
    2.750180721282959,
    2.730060577392578,
    2.7497503757476807,
    2.752631425857544,
    2.723435878753662,
    2.757624864578247,
    2.7487635612487793,
    2.727207899093628,
    2.7268259525299072,
    2.7220053672790527,
    2.7281088829040527,
    2.7408721446990967,
    2.766115665435791,
    2.7338509559631348,
    2.7707018852233887,
    2.753115653991699,
    2.7448909282684326,
    2.7513234615325928,
    2.7471578121185303,
    2.7544593811035156,
    2.7156267166137695,
    2.731383800506592,
    2.7671890258789062,
    2.7497105598449707,
    2.7476418018341064,
    2.7476282119750977,
    2.7383604049682617,
    2.739276647567749,
    2.73211407661438,
    2.74444842338562,
    2.7668285369873047,
    2.7585256099700928,
    2.761554718017578,
    2.7661125659942627,
    2.76632022857666,
    2.7686574459075928,
    2.73736572265625,
    2.7403879165649414,
    2.7382376194000244,
    2.73650860786438,
    2.743882179260254,
    2.7528553009033203,
    2.766528606414795,
    2.7375826835632324,
    2.7331740856170654,
    2.763899326324463,
    2.7396185398101807,
    2.732107162475586,
    2.733281135559082,
    2.7669334411621094,
    2.71907639503479,
    2.731959819793701,
    2.7281317710876465,
    2.7665085792541504,
    2.758863925933838,
    2.7282962799072266,
    2.750504970550537,
    2.734557867050171,
    2.739933490753174,
    2.758033275604248,
    2.7524256706237793,
    2.755131483078003,
    2.731593370437622,
    2.763474941253662,
    2.758113384246826,
    2.7383947372436523,
    2.7540860176086426,
    2.760160207748413,
    2.7293171882629395,
    2.753622531890869,
    2.7219438552856445,
    2.747112274169922,
    2.7654943466186523,
    2.7314834594726562,
    2.7546474933624268,
    2.7249512672424316,
    2.7654194831848145,
    2.7454514503479004,
    2.7642903327941895,
    2.74419903755188,
    2.7284836769104004,
    2.7547168731689453,
    2.7466912269592285,
    2.7190568447113037,
    2.7669122219085693,
    2.756743907928467,
    2.761904716491699,
    2.7659690380096436,
    2.733311414718628,
    2.7470850944519043,
    2.7600717544555664,
    2.7431182861328125,
    2.7500319480895996,
    2.753925323486328,
    2.768582820892334,
    2.7400567531585693,
    2.757777452468872,
    2.747429370880127,
    2.7219250202178955,
    2.7340891361236572,
    2.7609689235687256,
    2.753679037094116,
    2.762002468109131,
    2.7687907218933105,
    2.7218780517578125,
    2.7360892295837402,
    2.734375,
    2.7628462314605713,
    2.7539682388305664,
    2.7330658435821533,
    2.7509849071502686,
    2.757291555404663,
    2.7414534091949463,
    2.730043888092041,
    2.761066436767578,
    2.7548341751098633,
    2.763866424560547,
    2.7387373447418213,
    2.7317497730255127,
    2.766172409057617,
    2.761110305786133,
    2.7485249042510986,
    2.7650623321533203,
    2.741780996322632,
    2.754148244857788,
    2.7333157062530518,
    2.755894660949707,
    2.75606107711792,
    2.7632038593292236,
    2.7623062133789062,
    2.7505667209625244,
    2.7599217891693115,
    2.7579147815704346,
    2.73197603225708,
    2.743678331375122,
    2.7427914142608643,
    2.7678802013397217,
    2.7270352840423584,
    2.762392520904541,
    2.766903877258301,
    2.7414164543151855,
    2.766232490539551,
    2.7192327976226807,
    2.7394556999206543,
    2.7665693759918213,
    2.7605488300323486,
    2.767765998840332,
    2.7613472938537598,
    2.7330291271209717,
    2.7550888061523438,
    2.762352466583252,
    2.727386951446533,
    2.74176287651062,
    2.705315589904785,
    2.733480930328369,
    2.7454020977020264,
    2.7321043014526367,
    2.7671165466308594,
    2.765122175216675,
    2.768548011779785,
    2.7562716007232666,
    2.717003107070923,
    2.756876230239868,
    2.7286996841430664,
    2.7387619018554688,
    2.7303431034088135,
    2.766289234161377,
    2.746424913406372,
    2.7316575050354004,
    2.74033260345459,
    2.7645833492279053,
    2.7434470653533936,
    2.7376022338867188,
    2.760690212249756,
    2.757063150405884,
    2.755615711212158,
    2.764164924621582,
    2.767634391784668,
    2.74507474899292,
    2.769810199737549,
    2.755824089050293,
    2.724133014678955,
    2.743438243865967,
    2.7480649948120117,
    2.7317867279052734,
    2.727924346923828,
    2.733203411102295,
    2.741687774658203,
    2.731137752532959,
    2.768660545349121,
    2.7622876167297363,
    2.7651336193084717,
    2.753279447555542,
    2.7235758304595947,
    2.7526888847351074,
    2.764955759048462,
    2.7304396629333496,
    2.7697129249572754,
    2.7306714057922363,
    2.768828868865967,
    2.715651750564575,
    2.7623918056488037,
    2.7217700481414795,
    2.7679896354675293,
    2.73130464553833,
    2.7324471473693848,
    2.766788959503174,
    2.7529330253601074,
    2.7418715953826904,
    2.7446770668029785,
    2.7558155059814453,
    2.7699005603790283,
    2.740741491317749,
    2.769054651260376,
    2.7284488677978516,
    2.7250261306762695,
    2.7649059295654297,
    2.733304738998413,
    2.7529873847961426,
    2.7664310932159424,
    2.7655434608459473,
    2.730987071990967,
    2.7655444145202637,
    2.761260509490967,
    2.7448911666870117,
    2.755913734436035,
    2.7559289932250977,
    2.729255199432373,
    2.7488646507263184,
    2.73209285736084,
    2.76112961769104,
    2.765958309173584,
    2.7252488136291504,
    2.739839553833008,
    2.7674107551574707,
    2.7662007808685303,
    2.767077922821045,
    2.7612650394439697,
    2.7643189430236816,
    2.737536907196045,
    2.7398617267608643,
    2.7428340911865234,
    2.7294559478759766,
    2.718302011489868,
    2.762181520462036,
    2.7534608840942383,
    2.755133867263794,
    2.7577736377716064,
    2.733487367630005,
    2.738306760787964,
    2.753405809402466,
    2.7363505363464355,
    2.730402946472168,
    2.7606775760650635,
    2.7492127418518066,
    2.7504074573516846,
    2.7435524463653564,
    2.7323708534240723,
    2.75297474861145,
    2.7634973526000977,
    2.740316152572632,
    2.7682571411132812,
    2.766129970550537,
    2.724785327911377,
    2.730790853500366,
    2.767821788787842,
    2.755532741546631,
    2.7501413822174072,
    2.7618792057037354,
    2.7357430458068848,
    2.761742115020752,
    2.7585697174072266,
    2.7663257122039795,
    2.7401373386383057,
    2.7497916221618652,
    2.7351112365722656,
    2.7637157440185547,
    2.7351109981536865,
    2.7544455528259277,
    2.746784210205078,
    2.7667927742004395,
    2.7661399841308594,
    2.7521677017211914,
    2.7651615142822266,
    2.76891827583313,
    2.7358970642089844,
    2.746122360229492,
    2.756282329559326,
    2.7671985626220703,
    2.725853681564331,
    2.7587788105010986,
    2.7326927185058594,
