{
  "approx_flops_per_example": 4194304,
  "avg_active_slots": 127.0,
  "avg_active_think_slots": 42.020782709121704,
  "avg_effective_depth": 2.7482393831014633,
  "avg_slot_gate": 0.656574722379446,
  "avg_step_gate": 0.8741197027266026,
  "dataset_name": "dataset",
  "depth_difficulty_corr": -0.8145083300769329,
  "epoch": 15,
  "final_train_loss": 2.192246198654175,
  "final_val_accuracy": 0.2109375,
  "final_val_f1": 0.0,
  "final_val_loss": 2.1776925548911095,
  "model_name": "twr",
  "parameter_count": 69072,
  "peak_gpu_memory_mb": 37.44873046875,
  "run_name": "twr_backbone_lra_listops_lean_think2",
  "seed": 7,
  "throughput": 15373.03391666392
}