{
  "avg_active_think_slots": 19.665907979011536,
  "avg_slot_gate": 0.31215725466609,
  "avg_step_gate": 0.9723650552332401,
  "depth_difficulty_corr": 0.6993749216198921,
  "run_name": "twr_scale11p2m_gm8_lra_listops_100ep",
  "sample_wise_depth_distribution": [
    6.840214252471924,
    6.852801322937012,
    6.80406379699707,
    6.8093976974487305,
    6.905141830444336,
    6.893096923828125,
    6.887282371520996,
    6.8262763023376465,
    6.848459243774414,
    6.799893856048584,
    6.835269927978516,
    6.84739875793457,
    6.834407329559326,
    6.838890075683594,
    6.76823616027832,
    6.8646674156188965,
    6.853706359863281,
    6.779285430908203,
    6.864200592041016,
    6.888941764831543,
    6.838710784912109,
    6.832326889038086,
    6.794790744781494,
    6.893527507781982,
    6.816679000854492,
    6.8752312660217285,
    6.815964698791504,
    6.832168102264404,
    6.888876914978027,
    6.804803848266602,
    6.783074855804443,
    6.859508514404297,
    6.85382080078125,
    6.866340637207031,
    6.853605270385742,
    6.843975067138672,
    6.799245357513428,
    6.794607639312744,
    6.838312149047852,
    6.844522476196289,
    6.822263717651367,
    6.8842926025390625,
    6.786649703979492,
    6.809953689575195,
    6.907122611999512,
    6.86322021484375,
    6.885324478149414,
    6.844756126403809,
    6.856380462646484,
    6.739928245544434,
    6.854910373687744,
    6.81699275970459,
    6.801190376281738,
    6.819211006164551,
    6.817193508148193,
    6.85142707824707,
    6.787379264831543,
    6.87070369720459,
    6.826481819152832,
    6.77391242980957,
    6.8215107917785645,
    6.870242118835449,
    6.8263444900512695,
    6.88339900970459,
    6.853993892669678,
    6.875302314758301,
    6.835697174072266,
    6.8178815841674805,
    6.799053192138672,
    6.764276504516602,
    6.774334907531738,
    6.830270767211914,
    6.794810771942139,
    6.863373756408691,
    6.8542938232421875,
    6.866434097290039,
    6.828697204589844,
    6.8302903175354,
    6.773366928100586,
    6.807257175445557,
    6.868539810180664,
    6.8466997146606445,
    6.795345783233643,
    6.8352179527282715,
    6.841708183288574,
    6.827634811401367,
    6.834823131561279,
    6.868497848510742,
    6.88950252532959,
    6.86150598526001,
    6.810032844543457,
    6.826689720153809,
    6.910993576049805,
    6.785125732421875,
    6.844391822814941,
    6.864201068878174,
    6.819118499755859,
    6.797688007354736,
    6.83258581161499,
    6.838530540466309,
    6.850582599639893,
    6.810825347900391,
    6.884488105773926,
    6.794862270355225,
    6.817256927490234,
    6.90881872177124,
    6.855764865875244,
    6.874368667602539,
    6.845344543457031,
    6.845094680786133,
    6.857258319854736,
    6.838642120361328,
    6.873514175415039,
    6.802820205688477,
    6.833731651306152,
    6.804825782775879,
    6.8328704833984375,
    6.8806962966918945,
    6.8175578117370605,
    6.825478553771973,
    6.813869476318359,
    6.815029144287109,
    6.8215179443359375,
    6.843976974487305,
    6.8256635665893555,
    6.865097999572754,
    6.829241752624512,
    6.814197063446045,
    6.841069221496582,
    6.840588569641113,
    6.865875244140625,
    6.77617073059082,
    6.886418342590332,
    6.819167137145996,
    6.820028305053711,
    6.884410381317139,
    6.851594924926758,
    6.839997291564941,
    6.835697174072266,
    6.781399250030518,
    6.802876949310303,
    6.872322082519531,
    6.8206987380981445,
    6.822028160095215,
    6.843966007232666,
    6.860684394836426,
    6.845454216003418,
    6.793810844421387,
    6.810871601104736,
    6.8566083908081055,
    6.843841075897217,
    6.781253814697266,
    6.818026542663574,
    6.823023319244385,
    6.840848922729492,
    6.874947547912598,
    6.789838790893555,
    6.837875843048096,
    6.827362060546875,
    6.803093910217285,
    6.89154577255249,
    6.836372375488281,
    6.847396373748779,
    6.825082778930664,
    6.8252739906311035,
    6.788360595703125,
    6.840437889099121,
    6.805358409881592,
    6.796408653259277,
    6.81569766998291,
    6.864232540130615,
    6.811467170715332,
    6.849099159240723,
    6.814894199371338,
    6.8927202224731445,
    6.771485805511475,
    6.812861442565918,
    6.83945369720459,
    6.838316440582275,
    6.85401725769043,
    6.842858791351318,
    6.790856838226318,
    6.851505279541016,
    6.785951614379883,
    6.810272216796875,
    6.888116836547852,
    6.824393272399902,
    6.827049732208252,
    6.861812591552734,
    6.868813514709473,
    6.8578057289123535,
    6.836260795593262,
    6.8463053703308105,
    6.872003078460693,
    6.808059215545654,
    6.827080726623535,
    6.788532257080078,
    6.821597099304199,
    6.85728645324707,
    6.83147668838501,
    6.885254383087158,
    6.8591718673706055,
    6.82656192779541,
    6.804277420043945,
    6.781609535217285,
    6.842615127563477,
    6.815855026245117,
    6.800093650817871,
    6.835561752319336,
    6.877331733703613,
    6.779929161071777,
    6.842293739318848,
    6.811556816101074,
    6.779050827026367,
    6.7899065017700195,
    6.809787750244141,
    6.8175368309021,
    6.844693660736084,
    6.911837100982666,
    6.853662490844727,
    6.817721843719482,
    6.864810466766357,
    6.864408493041992,
    6.874085903167725,
    6.8364996910095215,
    6.861268997192383,
    6.799756050109863,
    6.821586608886719,
    6.7680230140686035,
    6.82413911819458,
    6.808304786682129,
    6.847716808319092,
    6.803227424621582,
    6.8876776695251465,
    6.776731014251709,
    6.882977485656738,
    6.788481712341309,
    6.8416032791137695,
    6.801907539367676,
    6.8729705810546875,
    6.791658878326416,
    6.87265682220459,
    6.877472877502441,
    6.83394193649292,
    6.838544845581055,
    6.874373435974121,
    6.8688483238220215,
    6.781978607177734,
    6.837541103363037,
    6.881364345550537,
    6.8177595138549805,
    6.911655902862549,
    6.880439281463623,
    6.813346862792969,
    6.837939739227295,
    6.8125762939453125,
    6.787919044494629,
    6.797265529632568,
    6.898896217346191,
    6.791509628295898,
    6.814877986907959,
    6.836304664611816,
    6.788713455200195,
    6.8242645263671875,
    6.823470115661621,
    6.8154215812683105,
    6.895572662353516,
    6.8463616371154785,
    6.795549392700195,
    6.857095718383789,
    6.889861106872559,
    6.776532173156738,
    6.84463357925415,
    6.795895099639893,
    6.801173210144043,
    6.827138900756836,
    6.81540584564209,
    6.846928119659424,
    6.854765892028809,
    6.818227767944336,
    6.908519744873047,
    6.806280136108398,
    6.788641929626465,
    6.816012382507324,
    6.8226704597473145,
    6.88999605178833,
    6.872311115264893,
    6.816775321960449,
    6.835416793823242,
    6.842215061187744,
    6.832141876220703,
    6.867110252380371,
    6.782617568969727,
    6.7882513999938965,
    6.882157802581787,
    6.840943336486816,
    6.794200897216797,
    6.869759559631348,
    6.827919960021973,
    6.762340545654297,
    6.900701522827148,
    6.876420497894287,
    6.75708532333374,
    6.841763496398926,
    6.842501640319824,
    6.836518287658691,
    6.836692810058594,
    6.810360431671143,
    6.808444976806641,
    6.7349348068237305,
    6.913967132568359,
    6.782320022583008,
    6.853757858276367,
    6.806095600128174,
    6.843008995056152,
    6.846319675445557,
    6.873368263244629,
    6.778811454772949,
    6.834253311157227,
    6.8352370262146,
    6.823512554168701,
    6.779576778411865,
    6.899547576904297,
    6.851557731628418,
    6.839704513549805,
    6.782065391540527,
    6.85098123550415,
    6.825832366943359,
    6.884702682495117,
    6.83698844909668,
    6.859771728515625,
    6.880016326904297,
    6.845607757568359,
    6.865350723266602,
    6.859286785125732,
    6.868395805358887,
