{
  "avg_active_think_slots": 0.0,
  "avg_slot_gate": 0.051055360585451126,
  "avg_step_gate": 0.9213373847305775,
  "depth_difficulty_corr": -0.1741443375212839,
  "run_name": "twr_lra_listops_full",
  "sample_wise_depth_distribution": [
    3.5820024013519287,
    3.58524227142334,
    3.607131004333496,
    3.718137264251709,
    3.7407138347625732,
    3.7320621013641357,
    3.748548984527588,
    3.8314669132232666,
    3.5905091762542725,
    3.573561668395996,
    3.815638780593872,
    3.6009936332702637,
    3.59670352935791,
    3.7111518383026123,
    3.5727968215942383,
    3.677734136581421,
    3.73606538772583,
    3.6038694381713867,
    3.7553870677948,
    3.7332022190093994,
    3.588728427886963,
    3.5719738006591797,
    3.815870761871338,
    3.744631052017212,
    3.830923318862915,
    3.7397749423980713,
    3.583867311477661,
    3.5952982902526855,
    3.7626852989196777,
    3.588226795196533,
    3.6000008583068848,
    3.630312204360962,
    3.711956739425659,
    3.7615058422088623,
    3.700397253036499,
    3.579113721847534,
    3.8316502571105957,
    3.5740370750427246,
    3.714110851287842,
    3.595630168914795,
    3.58251953125,
    3.74778151512146,
    3.7648568153381348,
    3.569563865661621,
    3.7618980407714844,
    3.7269771099090576,
    3.7300071716308594,
    3.5938563346862793,
    3.6432831287384033,
    3.76296329498291,
    3.6873888969421387,
    3.83046293258667,
    3.5886168479919434,
    3.594634532928467,
    3.574768543243408,
    3.5824761390686035,
    3.5799505710601807,
    3.768542766571045,
    3.658295154571533,
    3.8149960041046143,
    3.5966782569885254,
    3.7208852767944336,
    3.6003305912017822,
    3.72830867767334,
    3.6688451766967773,
    3.7548956871032715,
    3.610764980316162,
    3.81762957572937,
    3.582623243331909,
    3.571645498275757,
    3.8160858154296875,
    3.831077814102173,
    3.817418336868286,
    3.647695541381836,
    3.738518238067627,
    3.750976800918579,
    3.685725450515747,
    3.596600294113159,
    3.5804128646850586,
    3.8232128620147705,
    3.751103401184082,
    3.746004343032837,
    3.5667684078216553,
    3.6195316314697266,
    3.5918118953704834,
    3.715888023376465,
    3.5836093425750732,
    3.769178628921509,
    3.759443759918213,
    3.7357289791107178,
    3.814298391342163,
    3.831014394760132,
    3.774172306060791,
    3.5791165828704834,
    3.6263880729675293,
    3.7371323108673096,
    3.585305690765381,
    3.5925660133361816,
    3.5778303146362305,
    3.778686761856079,
    3.572929859161377,
    3.57517147064209,
    3.737934112548828,
    3.5833849906921387,
    3.821775436401367,
    3.7612245082855225,
    3.6531600952148438,
    3.7245826721191406,
    3.590118885040283,
    3.5772156715393066,
    3.635127067565918,
    3.5826287269592285,
    3.7561793327331543,
    3.8309326171875,
    3.630861282348633,
    3.571607828140259,
    3.5904574394226074,
    3.7513327598571777,
    3.587395668029785,
    3.641317844390869,
    3.7439839839935303,
    3.834329843521118,
    3.575322151184082,
    3.6995136737823486,
    3.828827381134033,
    3.7184414863586426,
    3.5821375846862793,
    3.5717484951019287,
    3.613811492919922,
    3.5964341163635254,
    3.6105077266693115,
    3.816941738128662,
    3.754775047302246,
    3.5938796997070312,
    3.596316337585449,
    3.742691993713379,
    3.6692452430725098,
    3.5725927352905273,
    3.630856513977051,
    3.5971975326538086,
    3.716214895248413,
    3.7512621879577637,
    3.761876344680786,
    3.689802408218384,
    3.8306667804718018,
    3.593353271484375,
    3.581496238708496,
    3.5686278343200684,
    3.5956411361694336,
    3.6299567222595215,
    3.766165256500244,
    3.8303980827331543,
    3.5769550800323486,
    3.8299546241760254,
    3.5857057571411133,
    3.7682721614837646,
    3.815582275390625,
    3.5991199016571045,
    3.584031581878662,
    3.8301053047180176,
    3.7581207752227783,
    3.5813801288604736,
    3.64481782913208,
    3.592790126800537,
    3.5876452922821045,
    3.8305439949035645,
    3.574139356613159,
    3.581912040710449,
    3.5791683197021484,
    3.6024794578552246,
    3.7528584003448486,
    3.5970749855041504,
    3.7652947902679443,
    3.716939926147461,
    3.702744960784912,
    3.567697048187256,
    3.8178341388702393,
    3.634545087814331,
    3.8301503658294678,
    3.726576805114746,
    3.607635021209717,
    3.8191654682159424,
    3.5951833724975586,
    3.826617956161499,
    3.5860776901245117,
    3.743802547454834,
    3.5806188583374023,
    3.8297879695892334,
    3.765749931335449,
    3.7253642082214355,
    3.7641091346740723,
    3.598949432373047,
    3.5814876556396484,
    3.7718379497528076,
    3.816497325897217,
    3.578998565673828,
    3.816039562225342,
    3.578906536102295,
    3.7519586086273193,
    3.7782626152038574,
    3.767496109008789,
    3.624131202697754,
    3.674020528793335,
    3.824051856994629,
    3.5891575813293457,
    3.6647727489471436,
    3.5951366424560547,
    3.8309948444366455,
    3.603902816772461,
    3.7201132774353027,
    3.8297181129455566,
    3.71889591217041,
    3.5717806816101074,
    3.759983539581299,
    3.8160204887390137,
    3.5910565853118896,
    3.818460464477539,
    3.60917329788208,
    3.7627615928649902,
    3.613093614578247,
    3.615835189819336,
    3.765472888946533,
    3.7516865730285645,
    3.7446227073669434,
    3.6067943572998047,
    3.7525720596313477,
    3.8163022994995117,
    3.7789463996887207,
    3.571467876434326,
    3.5919129848480225,
    3.6442959308624268,
    3.6139116287231445,
    3.81500244140625,
    3.7641546726226807,
    3.8269214630126953,
    3.752397298812866,
    3.816462755203247,
    3.7296254634857178,
    3.5796709060668945,
    3.7602272033691406,
    3.8169448375701904,
    3.744925022125244,
    3.7651476860046387,
    3.815566062927246,
    3.581110715866089,
    3.6821043491363525,
    3.6198031902313232,
    3.572205066680908,
    3.8184289932250977,
    3.7306668758392334,
    3.828579902648926,
    3.7831647396087646,
    3.679783821105957,
    3.572737455368042,
    3.679075241088867,
    3.578263759613037,
    3.816617727279663,
    3.852592706680298,
    3.7634220123291016,
    3.8186020851135254,
    3.5806686878204346,
    3.5830094814300537,
    3.584277391433716,
    3.5849504470825195,
    3.7641754150390625,
    3.5839486122131348,
    3.763157367706299,
    3.5886571407318115,
    3.83162784576416,
    3.7607364654541016,
    3.7271339893341064,
    3.8153066635131836,
    3.5762805938720703,
    3.815075159072876,
    3.5752956867218018,
    3.835097074508667,
    3.4049904346466064,
    3.7272796630859375,
    3.720602512359619,
    3.751941680908203,
    3.774176836013794,
    3.709015130996704,
    3.580670118331909,
    3.7121734619140625,
    3.5796637535095215,
    3.750802993774414,
    3.7177865505218506,
    3.5809545516967773,
    3.7004685401916504,
    3.6881158351898193,
    3.5898923873901367,
    3.638866901397705,
    3.582670211791992,
    3.6717655658721924,
    3.7701311111450195,
    3.5636508464813232,
    3.8269286155700684,
    3.749518394470215,
    3.8181138038635254,
    3.819244861602783,
    3.7506625652313232,
    3.7147698402404785,
    3.818042278289795,
    3.5775763988494873,
    3.5889081954956055,
    3.5990264415740967,
    3.774292469024658,
    3.829501152038574,
    3.5795040130615234,
    3.8192431926727295,
    3.7588555812835693,
    3.5905404090881348,
    3.6399900913238525,
    3.5674777030944824,
    3.7533321380615234,
    3.597454786300659,
    3.5829851627349854,
    3.8163483142852783,
    3.815014123916626,
    3.5823445320129395,
    3.5765485763549805,
    3.827364921569824,
    3.776073455810547,
    3.6355981826782227,
    3.5845813751220703,
    3.8234667778015137,
    3.6999008655548096,
    3.6000750064849854,
    3.775602102279663,
    3.7602601051330566,
