{
  "approx_flops_per_example": 98304,
  "avg_active_slots": 7.740915805101395,
  "avg_active_think_slots": 0.0,
  "avg_effective_depth": 3.68534953892231,
  "avg_slot_gate": 0.051055360585451126,
  "avg_step_gate": 0.9213373847305775,
  "dataset_name": "dataset",
  "depth_difficulty_corr": -0.1741443375212839,
  "final_train_loss": 2.294977605342865,
  "final_val_accuracy": 0.119140625,
  "final_val_f1": 0.0,
  "final_val_loss": 2.2900953590869904,
  "model_name": "twr",
  "parameter_count": 276889,
  "peak_gpu_memory_mb": 30.6220703125,
  "run_name": "twr_lra_listops_full",
  "seed": 7,
  "throughput": 336.8590922655776
}