{
  "avg_active_think_slots": 27.779637217521667,
  "avg_slot_gate": 0.4340568296611309,
  "avg_step_gate": 0.9300328195095062,
  "depth_difficulty_corr": 0.8170075751841068,
  "run_name": "twr_backbone_lra_listops_lean_queries2",
  "sample_wise_depth_distribution": [
    4.706052303314209,
    4.702300548553467,
    4.706705093383789,
    4.713691234588623,
    4.737114429473877,
    4.7357563972473145,
    4.76115083694458,
    4.695186138153076,
    4.739956855773926,
    4.712273597717285,
    4.688094615936279,
    4.720383644104004,
    4.714881896972656,
    4.728514671325684,
    4.707292556762695,
    4.728867530822754,
    4.750542640686035,
    4.710900783538818,
    4.728399753570557,
    4.741905689239502,
    4.725700378417969,
    4.729174613952637,
    4.686683177947998,
    4.754112243652344,
    4.706075668334961,
    4.724643707275391,
    4.722869873046875,
    4.732776641845703,
    4.760449409484863,
    4.7141642570495605,
    4.704335689544678,
    4.737148761749268,
    4.742538928985596,
    4.752415657043457,
    4.738400936126709,
    4.704991817474365,
    4.696458339691162,
    4.702095985412598,
    4.745514869689941,
    4.7329607009887695,
    4.7162275314331055,
    4.735973834991455,
    4.709002494812012,
    4.724679470062256,
    4.738463401794434,
    4.726434230804443,
    4.749563217163086,
    4.718294143676758,
    4.73193359375,
    4.71340799331665,
    4.741974353790283,
    4.707761764526367,
    4.70966100692749,
    4.735061168670654,
    4.7064948081970215,
    4.7349748611450195,
    4.708774566650391,
    4.732025146484375,
    4.719945907592773,
    4.6957855224609375,
    4.723884105682373,
    4.729132175445557,
    4.716634750366211,
    4.741695880889893,
    4.727303504943848,
    4.751344203948975,
    4.726291656494141,
    4.688779830932617,
    4.711869239807129,
    4.706862449645996,
    4.695516586303711,
    4.7054548263549805,
    4.693867206573486,
    4.7224626541137695,
    4.761035919189453,
    4.7516350746154785,
    4.731109142303467,
    4.728641510009766,
    4.723194122314453,
    4.689263343811035,
    4.7494964599609375,
    4.749527931213379,
    4.707544326782227,
    4.708745956420898,
    4.721293926239014,
    4.727640151977539,
    4.715714931488037,
    4.748030662536621,
    4.75439453125,
    4.727388858795166,
    4.689761638641357,
    4.698897838592529,
    4.7138261795043945,
    4.700433731079102,
    4.707281589508057,
    4.748614311218262,
    4.712166786193848,
    4.719607353210449,
    4.710100173950195,
    4.745041847229004,
    4.712880611419678,
    4.719117164611816,
    4.733506202697754,
    4.71812629699707,
    4.697764873504639,
    4.742710113525391,
    4.734015464782715,
    4.725266456604004,
    4.702236175537109,
    4.715724945068359,
    4.724768161773682,
    4.726408958435059,
    4.727263450622559,
    4.69785213470459,
    4.723332405090332,
    4.699475288391113,
    4.721031665802002,
    4.730395317077637,
    4.71672248840332,
    4.747267723083496,
    4.722324371337891,
    4.6918625831604,
    4.7022576332092285,
    4.710455894470215,
    4.702171802520752,
    4.7356719970703125,
    4.719771862030029,
    4.705855369567871,
    4.712697982788086,
    4.721414566040039,
    4.720531463623047,
    4.694117069244385,
    4.74100399017334,
    4.713497161865234,
    4.707609176635742,
    4.741511821746826,
    4.705606460571289,
    4.708095073699951,
    4.725478172302246,
    4.7003278732299805,
    4.705787658691406,
    4.750075817108154,
    4.752570152282715,
    4.740904331207275,
    4.695431232452393,
    4.7132182121276855,
    4.722285270690918,
    4.713551044464111,
    4.727156639099121,
    4.726049900054932,
    4.7410173416137695,
    4.694840431213379,
    4.710969924926758,
    4.699697494506836,
    4.707276821136475,
    4.768857955932617,
    4.688654899597168,
    4.733179092407227,
    4.718043327331543,
    4.698797702789307,
    4.739009857177734,
    4.712254047393799,
    4.721419334411621,
    4.728085517883301,
    4.7049713134765625,
    4.7050089836120605,
    4.712282180786133,
    4.706095218658447,
    4.714503288269043,
    4.719432830810547,
    4.759672164916992,
    4.734601974487305,
    4.750369548797607,
    4.703667640686035,
    4.740490913391113,
    4.704311370849609,
    4.68997049331665,
    4.74591064453125,
    4.704288005828857,
    4.717617034912109,
    4.720312118530273,
    4.697410583496094,
    4.719660758972168,
    4.696228981018066,
    4.723928451538086,
    4.748967170715332,
    4.717109680175781,
    4.702634811401367,
    4.753499984741211,
    4.728817462921143,
    4.7170000076293945,
    4.6968841552734375,
    4.725691795349121,
    4.739494800567627,
    4.688570976257324,
    4.713554859161377,
    4.693116188049316,
    4.715636253356934,
    4.741101264953613,
    4.69775915145874,
    4.750899791717529,
    4.72871208190918,
    4.733072280883789,
    4.688160419464111,
    4.715484142303467,
    4.735400199890137,
    4.715587615966797,
    4.710951805114746,
    4.733183860778809,
    4.719192028045654,
    4.6944050788879395,
    4.696366786956787,
    4.6975016593933105,
    4.703603744506836,
    4.695878028869629,
    4.716190338134766,
    4.693203926086426,
    4.737709045410156,
    4.754299640655518,
    4.728814601898193,
    4.7195024490356445,
    4.733935356140137,
    4.7525634765625,
    4.72466516494751,
    4.734188556671143,
    4.7394514083862305,
    4.695065498352051,
    4.699637413024902,
    4.708590030670166,
    4.709263801574707,
    4.717470645904541,
    4.734510898590088,
    4.685018539428711,
    4.757418632507324,
    4.7007341384887695,
    4.742003917694092,
    4.695466041564941,
    4.730705261230469,
    4.70655632019043,
    4.738966941833496,
    4.696379661560059,
    4.7282328605651855,
    4.7466607093811035,
    4.689539432525635,
    4.708062171936035,
    4.739119529724121,
    4.733686447143555,
    4.704987049102783,
    4.691126346588135,
    4.72597599029541,
    4.703495979309082,
    4.759185791015625,
    4.753207683563232,
    4.714016914367676,
    4.724062919616699,
    4.716969013214111,
    4.687310218811035,
    4.6968584060668945,
    4.74894905090332,
    4.694760799407959,
    4.716076374053955,
    4.702335834503174,
    4.727913856506348,
    4.714468479156494,
    4.733044624328613,
    4.716183185577393,
    4.746111869812012,
    4.715004920959473,
    4.689936637878418,
    4.720144748687744,
    4.762374401092529,
    4.696224212646484,
    4.70559024810791,
    4.6960954666137695,
    4.712038993835449,
    4.706507682800293,
    4.72896146774292,
    4.7375898361206055,
    4.745564937591553,
    4.713221073150635,
    4.7568254470825195,
    4.709803104400635,
    4.694552898406982,
    4.703169822692871,
    4.710409164428711,
    4.7577009201049805,
    4.723582744598389,
    4.72138786315918,
    4.721713066101074,
    4.736987113952637,
    4.741623878479004,
    4.721790313720703,
    4.703847885131836,
    4.718457221984863,
    4.744067668914795,
    4.694897651672363,
    4.69388484954834,
    4.761781215667725,
    4.6965436935424805,
    4.696414947509766,
    4.726714611053467,
    4.748358726501465,
    4.691856384277344,
    4.702142238616943,
    4.723669052124023,
    4.705336570739746,
    4.743649959564209,
    4.704798698425293,
    4.7137651443481445,
    4.695130348205566,
    4.7528157234191895,
    4.738101959228516,
    4.711762428283691,
    4.703901290893555,
    4.7521843910217285,
    4.727589130401611,
    4.729372978210449,
    4.695291519165039,
    4.688601016998291,
    4.7004547119140625,
    4.704927921295166,
    4.697320938110352,
    4.746229648590088,
    4.7312188148498535,
    4.71251106262207,
    4.696502685546875,
    4.720657825469971,
    4.709907531738281,
    4.7511067390441895,
    4.750576019287109,
    4.748625755310059,
    4.748991966247559,
    4.728199005126953,
    4.728417873382568,
    4.722410202026367,
