{
  "approx_flops_per_example": 4194304,
  "avg_active_slots": 127.0,
  "avg_active_think_slots": 27.779637217521667,
  "avg_effective_depth": 4.720131188631058,
  "avg_slot_gate": 0.4340568296611309,
  "avg_step_gate": 0.9300328195095062,
  "dataset_name": "dataset",
  "depth_difficulty_corr": 0.8170075751841068,
  "epoch": 15,
  "final_train_loss": 2.0283769834786654,
  "final_val_accuracy": 0.23046875,
  "final_val_f1": 0.0,
  "final_val_loss": 2.0544907823204994,
  "model_name": "twr",
  "parameter_count": 67536,
  "peak_gpu_memory_mb": 37.44091796875,
  "run_name": "twr_backbone_lra_listops_lean_queries2",
  "seed": 7,
  "throughput": 10302.777299485926
}