{
  "approx_flops_per_example": 150994944,
  "avg_active_slots": 253.0,
  "avg_active_think_slots": 35.852442026138306,
  "avg_effective_depth": 6.2928884625434875,
  "avg_slot_gate": 0.2823026832193136,
  "avg_step_gate": 0.8821481056511402,
  "dataset_name": "dataset",
  "depth_difficulty_corr": -0.4428289448842406,
  "epoch": 16,
  "final_train_loss": 0.8514854479581118,
  "final_val_accuracy": 0.095703125,
  "final_val_f1": 0.0,
  "final_val_loss": 3.635481372475624,
  "model_name": "twr",
  "parameter_count": 6415064,
  "peak_gpu_memory_mb": 730.6025390625,
  "run_name": "twr_gmc8c2_d576_ruler_needle_100ep",
  "seed": 7,
  "throughput": 706.5717177799985
}