{
  "approx_flops_per_example": 150994944,
  "avg_active_slots": 253.0,
  "avg_active_think_slots": 36.036274671554565,
  "avg_effective_depth": 6.062246024608612,
  "avg_slot_gate": 0.28375018015503883,
  "avg_step_gate": 0.8437076807022095,
  "dataset_name": "dataset",
  "depth_difficulty_corr": 0.5038193110376596,
  "epoch": 2,
  "final_train_loss": 2.8364253900945187,
  "final_val_accuracy": 0.072265625,
  "final_val_f1": 0.0,
  "final_val_loss": 2.818933740258217,
  "model_name": "twr",
  "parameter_count": 6415064,
  "peak_gpu_memory_mb": 728.8291015625,
  "run_name": "twr_gmc8c2_d576_ruler_needle_100ep",
  "seed": 7,
  "throughput": 707.2078716995703
}