{
  "avg_active_think_slots": 19.428758144378662,
  "avg_slot_gate": 0.3035743460059166,
  "avg_step_gate": 0.9499197341501713,
  "depth_difficulty_corr": -0.8550924770534039,
  "run_name": "twr_backbone_lra_listops_lean_think6",
  "sample_wise_depth_distribution": [
    6.720480918884277,
    6.716012477874756,
    6.723043441772461,
    6.64051628112793,
    6.623564720153809,
    6.629181861877441,
    6.678865909576416,
    6.734203338623047,
    6.7221808433532715,
    6.711860656738281,
    6.754591941833496,
    6.707407474517822,
    6.682896614074707,
    6.654082775115967,
    6.725795745849609,
    6.674813270568848,
    6.686842441558838,
    6.736193656921387,
    6.649353504180908,
    6.608279705047607,
    6.705730438232422,
    6.697499752044678,
    6.753393173217773,
    6.666469573974609,
    6.751006126403809,
    6.628259658813477,
    6.723464488983154,
    6.6927642822265625,
    6.6576128005981445,
    6.721137046813965,
    6.745818138122559,
    6.679308891296387,
    6.691516399383545,
    6.689998626708984,
    6.695896148681641,
    6.690607070922852,
    6.739674091339111,
    6.717270851135254,
    6.66080379486084,
    6.695247650146484,
    6.709240913391113,
    6.661327362060547,
    6.722939491271973,
    6.702996730804443,
    6.634708404541016,
    6.666234970092773,
    6.6514081954956055,
    6.66074275970459,
    6.690393924713135,
    6.727896690368652,
    6.675455093383789,
    6.756357669830322,
    6.7232441902160645,
    6.692625999450684,
    6.729222297668457,
    6.707703113555908,
    6.719775199890137,
    6.6274943351745605,
    6.6850786209106445,
    6.7484049797058105,
    6.701916694641113,
    6.696715354919434,
    6.6776885986328125,
    6.630189895629883,
    6.670808792114258,
    6.654257297515869,
    6.693270683288574,
    6.749328136444092,
    6.714175701141357,
    6.733083724975586,
    6.747500419616699,
    6.734137535095215,
    6.757894515991211,
    6.669487953186035,
    6.674624443054199,
    6.642207622528076,
    6.669670581817627,
    6.687070846557617,
    6.698827266693115,
    6.757017612457275,
    6.6700239181518555,
    6.652884006500244,
    6.742582321166992,
    6.67720890045166,
    6.690313339233398,
    6.680714130401611,
    6.720968246459961,
    6.658398628234863,
    6.667559623718262,
    6.650192737579346,
    6.7558441162109375,
    6.741367816925049,
    6.626715660095215,
    6.703606128692627,
    6.661403656005859,
    6.680681228637695,
    6.716960906982422,
    6.701253890991211,
    6.726774215698242,
    6.645910263061523,
    6.738378524780273,
    6.744009017944336,
    6.669251918792725,
    6.718142509460449,
    6.736119270324707,
    6.620641708374023,
    6.696560859680176,
    6.598367691040039,
    6.702106952667236,
    6.732547283172607,
    6.680197715759277,
    6.708906173706055,
    6.645938873291016,
    6.747557163238525,
    6.7008280754089355,
    6.735116004943848,
    6.7113471031188965,
    6.627364635467529,
    6.706916332244873,
    6.698976039886475,
    6.651066303253174,
    6.756705284118652,
    6.717042922973633,
    6.716621398925781,
    6.755429267883301,
    6.656937599182129,
    6.717288970947266,
    6.7231245040893555,
    6.695769309997559,
    6.69998836517334,
    6.671745300292969,
    6.759869575500488,
    6.607389450073242,
    6.699525833129883,
    6.692270755767822,
    6.669203758239746,
    6.682452201843262,
    6.735507965087891,
    6.706634998321533,
    6.742046356201172,
    6.748210906982422,
    6.648400783538818,
    6.648434638977051,
    6.710326194763184,
    6.738771438598633,
    6.701725482940674,
    6.666684150695801,
    6.730433464050293,
    6.72154426574707,
    6.686261177062988,
    6.623809337615967,
    6.746391773223877,
    6.715930938720703,
    6.742049217224121,
    6.720946788787842,
    6.669321537017822,
    6.756340980529785,
    6.684965133666992,
    6.712678909301758,
    6.743387222290039,
    6.649496078491211,
    6.721993446350098,
    6.682553291320801,
    6.711276531219482,
    6.717403411865234,
    6.73731803894043,
    6.726487636566162,
    6.704624176025391,
    6.735294342041016,
    6.71481990814209,
    6.64517879486084,
    6.698808193206787,
    6.675842761993408,
    6.742726802825928,
    6.627814769744873,
    6.7407708168029785,
    6.755980968475342,
    6.685907363891602,
    6.734623908996582,
    6.646303653717041,
    6.695975303649902,
    6.7453179359436035,
    6.709829330444336,
    6.748231887817383,
    6.712095260620117,
    6.634923934936523,
    6.730033874511719,
    6.744427680969238,
    6.652534484863281,
    6.662664413452148,
    6.631516456604004,
    6.692713737487793,
    6.676197052001953,
    6.652280330657959,
    6.756429672241211,
    6.737005233764648,
    6.759795188903809,
    6.730399131774902,
    6.6666460037231445,
    6.738043308258057,
    6.662453651428223,
    6.671765327453613,
    6.687689781188965,
    6.756711006164551,
    6.696941375732422,
    6.681631088256836,
    6.700467109680176,
    6.73248291015625,
    6.721662521362305,
    6.659987449645996,
    6.737331390380859,
    6.724155902862549,
    6.730157852172852,
    6.732764720916748,
    6.751407623291016,
    6.708946704864502,
    6.756014823913574,
    6.701160430908203,
    6.648954391479492,
    6.700450897216797,
    6.705702781677246,
    6.650708198547363,
    6.679248809814453,
    6.648929595947266,
    6.676816463470459,
    6.624702453613281,
    6.759294509887695,
    6.743127346038818,
    6.731110572814941,
    6.698568344116211,
    6.668685436248779,
    6.698322772979736,
    6.755112648010254,
    6.6714019775390625,
    6.756150245666504,
    6.627439498901367,
    6.759871006011963,
    6.649776458740234,
    6.724486351013184,
    6.634430408477783,
    6.749942779541016,
    6.617314338684082,
    6.636166095733643,
    6.754373550415039,
    6.736534118652344,
    6.674468517303467,
    6.695785045623779,
    6.730993747711182,
    6.752962112426758,
    6.671840667724609,
    6.745351791381836,
    6.624960899353027,
    6.663400173187256,
    6.729681015014648,
    6.666630268096924,
    6.718602657318115,
    6.756254196166992,
    6.730854511260986,
    6.6344499588012695,
    6.744330883026123,
    6.721820831298828,
    6.713987350463867,
    6.708518028259277,
    6.7038254737854,
    6.6503682136535645,
    6.7050323486328125,
    6.670233726501465,
    6.72362756729126,
    6.756416320800781,
    6.62827205657959,
    6.628928184509277,
    6.75046443939209,
    6.725527763366699,
    6.749417304992676,
    6.743507385253906,
    6.734585762023926,
    6.661510467529297,
    6.673916816711426,
    6.702191352844238,
    6.637115478515625,
    6.633470058441162,
    6.734738349914551,
    6.706134796142578,
    6.71889591217041,
    6.725192070007324,
    6.65911865234375,
    6.661652565002441,
    6.713560104370117,
    6.656426429748535,
    6.672581195831299,
    6.736928462982178,
    6.675217628479004,
    6.716412544250488,
    6.6849365234375,
    6.63580322265625,
    6.726167678833008,
    6.740968704223633,
    6.6683125495910645,
    6.748665809631348,
    6.7466840744018555,
    6.624996185302734,
    6.638549327850342,
    6.756182670593262,
    6.721396446228027,
    6.712136268615723,
    6.736781120300293,
    6.6803741455078125,
    6.746510982513428,
    6.736197471618652,
    6.745294570922852,
    6.633661270141602,
    6.704989910125732,
    6.68406867980957,
    6.738893508911133,
    6.659074783325195,
    6.697526454925537,
    6.671139717102051,
    6.747889995574951,
    6.7510666847229,
    6.71278715133667,
    6.733046054840088,
    6.750271320343018,
    6.6543450355529785,
    6.689615249633789,
    6.720176696777344,
    6.749842643737793,
    6.655695915222168,
    6.7285661697387695,
    6.642611503601074,
    6.6673054695129395,
    6.636605739593506,
    6.661684989929199,
    6.674789905548096,
    6.692478179931641,
    6.646248817443848,
    6.628683090209961,
