{
  "approx_flops_per_example": 16777216,
  "avg_active_slots": 253.0,
  "avg_active_think_slots": 27.36313009262085,
  "avg_effective_depth": 7.779642075300217,
  "avg_slot_gate": 0.2154577150940895,
  "avg_step_gate": 0.8474552556872368,
  "dataset_name": "dataset",
  "depth_difficulty_corr": -0.2569234874099493,
  "epoch": 10,
  "final_train_loss": 2.7559173442423344,
  "final_val_accuracy": 0.083984375,
  "final_val_f1": 0.0,
  "final_val_loss": 2.779923975467682,
  "model_name": "twr",
  "parameter_count": 88598,
  "peak_gpu_memory_mb": 78.1455078125,
  "run_name": "twr_backbone_ruler_needle_lean_think8",
  "seed": 7,
  "throughput": 6227.115204505941
}