{
  "avg_active_think_slots": 19.943127632141113,
  "avg_slot_gate": 0.3165575675666332,
  "avg_step_gate": 0.9649287313222885,
  "depth_difficulty_corr": 0.174808520328952,
  "run_name": "twr_scale11p2m_lra_listops_100ep",
  "sample_wise_depth_distribution": [
    6.782344818115234,
    6.7968878746032715,
    6.7436017990112305,
    6.814046859741211,
    6.8261542320251465,
    6.781357765197754,
    6.786170959472656,
    6.816559791564941,
    6.781212329864502,
    6.78665828704834,
    6.821996688842773,
    6.792612552642822,
    6.784022331237793,
    6.741486072540283,
    6.76800012588501,
    6.818876266479492,
    6.762105464935303,
    6.759330749511719,
    6.785339832305908,
    6.831111907958984,
    6.782003402709961,
    6.758715629577637,
    6.783287048339844,
    6.813196182250977,
    6.772854328155518,
    6.824532508850098,
    6.804551124572754,
    6.781093120574951,
    6.808600425720215,
    6.792929649353027,
    6.773651599884033,
    6.786527633666992,
    6.818600177764893,
    6.817193508148193,
    6.812774658203125,
    6.816924095153809,
    6.7752299308776855,
    6.74949312210083,
    6.788264751434326,
    6.813041687011719,
    6.817416191101074,
    6.768163681030273,
    6.818118095397949,
    6.815549373626709,
    6.819243907928467,
    6.767899513244629,
    6.822482585906982,
    6.793203830718994,
    6.759943008422852,
    6.800627708435059,
    6.801547527313232,
    6.7892961502075195,
    6.798549652099609,
    6.788419723510742,
    6.814314365386963,
    6.807731628417969,
    6.766862869262695,
    6.766545295715332,
    6.78541374206543,
    6.753867149353027,
    6.796685218811035,
    6.785399436950684,
    6.7964043617248535,
    6.793531894683838,
    6.772079944610596,
    6.817055702209473,
    6.7388105392456055,
    6.791993141174316,
    6.817971229553223,
    6.717668056488037,
    6.727954864501953,
    6.813014984130859,
    6.764039993286133,
    6.817391395568848,
    6.796075820922852,
    6.791682243347168,
    6.740992069244385,
    6.782347679138184,
    6.796605110168457,
    6.80080509185791,
    6.795162200927734,
    6.806610107421875,
    6.7513957023620605,
    6.793418884277344,
    6.824071407318115,
    6.722877502441406,
    6.79047966003418,
    6.818058013916016,
    6.79475212097168,
    6.761913299560547,
    6.774697303771973,
    6.784224033355713,
    6.799277305603027,
    6.809118747711182,
    6.818313121795654,
    6.809222221374512,
    6.756783962249756,
    6.812107563018799,
    6.784971714019775,
    6.754511833190918,
    6.79276180267334,
    6.774964332580566,
    6.822347640991211,
    6.797263145446777,
    6.799530506134033,
    6.822662353515625,
    6.787092208862305,
    6.77259635925293,
    6.769872665405273,
    6.803731918334961,
    6.819477081298828,
    6.778029918670654,
    6.8226318359375,
    6.747276306152344,
    6.794306755065918,
    6.805188179016113,
    6.799769878387451,
    6.7818121910095215,
    6.738981246948242,
    6.742549896240234,
    6.789026260375977,
    6.791834831237793,
    6.8003363609313965,
    6.812624931335449,
    6.786548614501953,
    6.818749904632568,
    6.821036338806152,
    6.7863006591796875,
    6.81069278717041,
    6.793646812438965,
    6.771502494812012,
    6.737011909484863,
    6.825201988220215,
    6.791112899780273,
    6.777873992919922,
    6.826048851013184,
    6.715820789337158,
    6.81674861907959,
    6.760739803314209,
    6.795968055725098,
    6.803652286529541,
    6.812935829162598,
    6.780265808105469,
    6.762091636657715,
    6.801069736480713,
    6.8120245933532715,
    6.76004695892334,
    6.763741493225098,
    6.801003456115723,
    6.763481616973877,
    6.774518966674805,
    6.800749778747559,
    6.779879570007324,
    6.790475845336914,
    6.8144330978393555,
    6.820043563842773,
    6.760284423828125,
    6.769015312194824,
    6.807767868041992,
    6.81210994720459,
    6.758255958557129,
    6.805675029754639,
    6.7756028175354,
    6.803719520568848,
    6.749961853027344,
    6.801046371459961,
    6.777703285217285,
    6.783388137817383,
    6.741440773010254,
    6.798886775970459,
    6.80288028717041,
    6.795778274536133,
    6.82067346572876,
    6.765210151672363,
    6.818009853363037,
    6.800314903259277,
    6.815036773681641,
    6.761638164520264,
    6.782313346862793,
    6.749208450317383,
    6.757964611053467,
    6.818430423736572,
    6.809911727905273,
    6.815370559692383,
    6.811765670776367,
    6.785500526428223,
    6.690323829650879,
    6.792172431945801,
    6.7945637702941895,
    6.788484573364258,
    6.804101943969727,
    6.74695348739624,
    6.793198585510254,
    6.810118675231934,
    6.8111443519592285,
    6.819419860839844,
    6.765175819396973,
    6.774213790893555,
    6.794424533843994,
    6.79264497756958,
    6.828134536743164,
    6.806184768676758,
    6.809700012207031,
    6.7781453132629395,
    6.71323299407959,
    6.741293907165527,
    6.7940592765808105,
    6.80962610244751,
    6.8061628341674805,
    6.806225776672363,
    6.791653633117676,
    6.796631813049316,
    6.791861534118652,
    6.788694381713867,
    6.761078834533691,
    6.777882099151611,
    6.783015251159668,
    6.813338279724121,
    6.820351600646973,
    6.826397895812988,
    6.806343078613281,
    6.816068649291992,
    6.779931545257568,
    6.823657035827637,
    6.7862324714660645,
    6.791437149047852,
    6.746726989746094,
    6.775094509124756,
    6.790351867675781,
    6.779640197753906,
    6.767917156219482,
    6.818955421447754,
    6.745917797088623,
    6.771121501922607,
    6.779889106750488,
    6.824335098266602,
    6.764927864074707,
    6.806589603424072,
    6.81562614440918,
    6.819684028625488,
    6.6815876960754395,
    6.772371292114258,
    6.812422752380371,
    6.821811676025391,
    6.794379711151123,
    6.7602643966674805,
    6.818086624145508,
    6.773350715637207,
    6.8094401359558105,
    6.77323579788208,
    6.823093414306641,
    6.833247184753418,
    6.822744846343994,
    6.747950077056885,
    6.752925872802734,
    6.8046464920043945,
    6.765077590942383,
    6.750377655029297,
    6.826668739318848,
    6.726719379425049,
    6.821613311767578,
    6.8134565353393555,
    6.7699360847473145,
    6.762969017028809,
    6.793542385101318,
    6.818412780761719,
    6.809016227722168,
    6.81294584274292,
    6.771574020385742,
    6.748856544494629,
    6.817557334899902,
    6.762572288513184,
    6.811857223510742,
    6.762686729431152,
    6.715642929077148,
    6.814054489135742,
    6.768677711486816,
    6.754011154174805,
    6.803194522857666,
    6.746686935424805,
    6.800782203674316,
    6.739475727081299,
    6.773752689361572,
    6.795788764953613,
    6.818519592285156,
    6.745639801025391,
    6.78457498550415,
    6.815460205078125,
    6.817473411560059,
    6.789166450500488,
    6.784339427947998,
    6.795654773712158,
    6.8184309005737305,
    6.740658283233643,
    6.794318199157715,
    6.802431106567383,
    6.788206100463867,
    6.825993537902832,
    6.810979843139648,
    6.718561172485352,
    6.81957483291626,
    6.79092264175415,
    6.741869926452637,
    6.782809257507324,
    6.80635929107666,
    6.808091163635254,
    6.791810035705566,
    6.808238506317139,
    6.777902603149414,
    6.751733303070068,
    6.823402404785156,
    6.775200366973877,
    6.812125205993652,
    6.752235412597656,
    6.752692699432373,
    6.822189807891846,
    6.816997528076172,
    6.739116191864014,
    6.822375297546387,
    6.808724880218506,
    6.817574977874756,
    6.78349494934082,
    6.7725749015808105,
    6.814931869506836,
    6.769970417022705,
    6.781680107116699,
    6.754644393920898,
    6.778477668762207,
    6.814109802246094,
    6.811680793762207,
    6.8180694580078125,
    6.821356773376465,
    6.769189357757568,
    6.784018516540527,
    6.770862579345703,
    6.810726165771484,
