{
  "approx_flops_per_example": 67108864,
  "avg_active_slots": 125.0,
  "avg_active_think_slots": 19.943127632141113,
  "avg_effective_depth": 6.789572358131409,
  "avg_slot_gate": 0.3165575675666332,
  "avg_step_gate": 0.9649287313222885,
  "dataset_name": "dataset",
  "depth_difficulty_corr": 0.174808520328952,
  "epoch": 11,
  "final_train_loss": 1.8946824576705694,
  "final_val_accuracy": 0.3203125,
  "final_val_f1": 0.0,
  "final_val_loss": 2.019387535750866,
  "model_name": "twr",
  "parameter_count": 11199504,
  "peak_gpu_memory_mb": 724.63671875,
  "run_name": "twr_scale11p2m_lra_listops_100ep",
  "seed": 7,
  "throughput": 448.5635293673329
}