{
  "approx_flops_per_example": 16777216,
  "avg_active_slots": 253.0,
  "avg_active_think_slots": 35.1193687915802,
  "avg_effective_depth": 6.040064126253128,
  "avg_slot_gate": 0.2765304557979107,
  "avg_step_gate": 0.840010691434145,
  "dataset_name": "dataset",
  "depth_difficulty_corr": -0.0805470377090387,
  "epoch": 6,
  "final_train_loss": 2.7928734235465527,
  "final_val_accuracy": 0.056640625,
  "final_val_f1": 0.0,
  "final_val_loss": 2.7763742357492447,
  "model_name": "twr",
  "parameter_count": 86038,
  "peak_gpu_memory_mb": 78.07568359375,
  "run_name": "twr_backbone_ruler_needle_lean_queries4",
  "seed": 7,
  "throughput": 7826.072389878215
}