{
  "approx_flops_per_example": 16777216,
  "avg_active_slots": 253.0,
  "avg_active_think_slots": 35.727540731430054,
  "avg_effective_depth": 6.13116392493248,
  "avg_slot_gate": 0.2813192196190357,
  "avg_step_gate": 0.8551940023899078,
  "dataset_name": "dataset",
  "depth_difficulty_corr": 0.3577854526229203,
  "epoch": 2,
  "final_train_loss": 2.806696392595768,
  "final_val_accuracy": 0.076171875,
  "final_val_f1": 0.0,
  "final_val_loss": 2.8209281861782074,
  "model_name": "twr",
  "parameter_count": 86038,
  "peak_gpu_memory_mb": 78.07568359375,
  "run_name": "twr_backbone_ruler_needle_lean_queries4",
  "seed": 7,
  "throughput": 7819.823087768744
}