{
  "avg_active_think_slots": 20.389814972877502,
  "avg_slot_gate": 0.32364782877266407,
  "avg_step_gate": 0.9851940162479877,
  "depth_difficulty_corr": 0.64300168864429,
  "run_name": "twr_scale25m_gm8_lra_listops_100ep",
  "sample_wise_depth_distribution": [
    6.9162373542785645,
    6.920602798461914,
    6.888087272644043,
    6.915895462036133,
    6.936265468597412,
    6.935380935668945,
    6.931966304779053,
    6.910671710968018,
    6.914024353027344,
    6.909141540527344,
    6.911797523498535,
    6.919689655303955,
    6.887993812561035,
    6.9115777015686035,
    6.886396884918213,
    6.922450065612793,
    6.923495292663574,
    6.875486850738525,
    6.933022975921631,
    6.93405294418335,
    6.918159484863281,
    6.916815757751465,
    6.849793434143066,
    6.931803226470947,
    6.911379337310791,
    6.934697151184082,
    6.9053053855896,
    6.922554016113281,
    6.9341721534729,
    6.91752815246582,
    6.909975528717041,
    6.925874710083008,
    6.9233269691467285,
    6.931358337402344,
    6.924593925476074,
    6.918232440948486,
    6.887523651123047,
    6.897933006286621,
    6.934201240539551,
    6.9265828132629395,
    6.922183036804199,
    6.896620273590088,
    6.885735988616943,
    6.867918014526367,
    6.935426712036133,
    6.928563117980957,
    6.928795337677002,
    6.926174163818359,
    6.915255546569824,
    6.896063804626465,
    6.904126167297363,
    6.9123687744140625,
    6.891919136047363,
    6.909615516662598,
    6.87630033493042,
    6.925756454467773,
    6.906722068786621,
    6.899083137512207,
    6.9289703369140625,
    6.8684000968933105,
    6.895591735839844,
    6.925650596618652,
    6.911497592926025,
    6.9343719482421875,
    6.913167476654053,
    6.932491302490234,
    6.924142837524414,
    6.905935287475586,
    6.890755653381348,
    6.903717041015625,
    6.8546624183654785,
    6.913634777069092,
    6.890853404998779,
    6.928850173950195,
    6.923378944396973,
    6.933082103729248,
    6.897785186767578,
    6.906847953796387,
    6.890097141265869,
    6.889157295227051,
    6.935720920562744,
    6.9302825927734375,
    6.898441314697266,
    6.903578758239746,
    6.9204301834106445,
    6.895925998687744,
    6.8917236328125,
    6.93325138092041,
    6.9362640380859375,
    6.929507255554199,
    6.8979926109313965,
    6.901446342468262,
    6.937435150146484,
    6.859436988830566,
    6.924235820770264,
    6.922912120819092,
    6.906978607177734,
    6.906254291534424,
    6.915553092956543,
    6.93303108215332,
    6.9180707931518555,
    6.911756992340088,
    6.9250383377075195,
    6.919554710388184,
    6.907936096191406,
    6.932607650756836,
    6.890480041503906,
    6.934210777282715,
    6.920038223266602,
    6.919253349304199,
    6.927034854888916,
    6.903061866760254,
    6.933390140533447,
    6.896902561187744,
    6.900777339935303,
    6.91102933883667,
    6.913094520568848,
    6.926133632659912,
    6.894659996032715,
    6.92531681060791,
    6.902848243713379,
    6.899494647979736,
    6.916621208190918,
    6.901178359985352,
    6.903440475463867,
    6.926677703857422,
    6.895139217376709,
    6.906890869140625,
    6.925385475158691,
    6.919904708862305,
    6.922242164611816,
    6.898390769958496,
    6.930412292480469,
    6.919290542602539,
    6.8985466957092285,
    6.933521270751953,
    6.9105916023254395,
    6.914243698120117,
    6.918194770812988,
    6.911352157592773,
    6.88736629486084,
    6.922848701477051,
    6.92625617980957,
    6.870891571044922,
    6.915577411651611,
    6.9233808517456055,
    6.921069145202637,
    6.882687568664551,
    6.913660526275635,
    6.913921356201172,
    6.916402339935303,
    6.881669998168945,
    6.8957366943359375,
    6.892666816711426,
    6.920019626617432,
    6.930442810058594,
    6.906625747680664,
    6.8969855308532715,
    6.909536361694336,
    6.915256023406982,
    6.928421974182129,
    6.87978458404541,
    6.925115585327148,
    6.922033309936523,
    6.920195579528809,
    6.901452541351318,
    6.89463996887207,
    6.899188995361328,
    6.88589334487915,
    6.88271427154541,
    6.934978485107422,
    6.909944534301758,
    6.931128025054932,
    6.869195938110352,
    6.932854652404785,
    6.879218101501465,
    6.874170303344727,
    6.927519798278809,
    6.911689758300781,
    6.920197010040283,
    6.889749526977539,
    6.9073710441589355,
    6.90727424621582,
    6.905010223388672,
    6.918535232543945,
    6.924292087554932,
    6.902558326721191,
    6.910379409790039,
    6.932574272155762,
    6.92703104019165,
    6.93212890625,
    6.916945934295654,
    6.89859676361084,
    6.93504524230957,
    6.905815601348877,
    6.907918930053711,
    6.891847610473633,
    6.911759376525879,
    6.931781768798828,
    6.914876937866211,
    6.935029983520508,
    6.911673545837402,
    6.924705505371094,
    6.895304203033447,
    6.893823623657227,
    6.888180732727051,
    6.922403335571289,
    6.8709564208984375,
    6.9221906661987305,
    6.9311203956604,
    6.905157566070557,
    6.9127044677734375,
    6.914834022521973,
    6.880542278289795,
    6.883345127105713,
    6.898354530334473,
    6.901566505432129,
    6.921431064605713,
    6.935097694396973,
    6.911558151245117,
    6.917784690856934,
    6.932013511657715,
    6.899895668029785,
    6.929988861083984,
    6.924365043640137,
    6.924274444580078,
    6.893580913543701,
    6.902895927429199,
    6.871917724609375,
    6.9094319343566895,
    6.914118766784668,
    6.921690940856934,
    6.894399642944336,
    6.906900405883789,
    6.902527809143066,
    6.929006099700928,
    6.900141716003418,
    6.918391704559326,
    6.91666316986084,
    6.930392265319824,
    6.861669063568115,
    6.918420791625977,
    6.935624122619629,
    6.912042617797852,
    6.914680480957031,
    6.9250288009643555,
    6.922746658325195,
    6.907147407531738,
    6.909305572509766,
    6.931112289428711,
    6.911281585693359,
    6.9364013671875,
    6.936007499694824,
    6.888575553894043,
    6.919112205505371,
    6.886691093444824,
    6.893167495727539,
    6.882833480834961,
    6.933723449707031,
    6.874249458312988,
    6.9194464683532715,
    6.92149543762207,
    6.872229099273682,
    6.889127731323242,
    6.933606147766113,
    6.921290874481201,
    6.934416770935059,
    6.921281337738037,
    6.908548355102539,
    6.921255588531494,
    6.933048248291016,
    6.872581481933594,
    6.91447639465332,
    6.877815246582031,
    6.906538963317871,
    6.875235080718994,
    6.914144515991211,
    6.9160027503967285,
    6.903249263763428,
    6.900304794311523,
    6.9355645179748535,
    6.891556739807129,
    6.889457702636719,
    6.885509490966797,
    6.918313503265381,
    6.934925556182861,
    6.9273810386657715,
    6.9211626052856445,
    6.927026748657227,
    6.891233444213867,
    6.918814659118652,
    6.922359466552734,
    6.905119895935059,
    6.920117378234863,
    6.932361602783203,
    6.917190074920654,
    6.904572486877441,
    6.923961639404297,
    6.868221759796143,
    6.873002529144287,
    6.936173439025879,
    6.90338134765625,
    6.886228561401367,
    6.9076642990112305,
    6.923764228820801,
    6.913493633270264,
    6.918760299682617,
    6.859515190124512,
    6.912433624267578,
    6.882359504699707,
    6.935880661010742,
    6.902556419372559,
    6.928704261779785,
    6.906624794006348,
    6.882648944854736,
    6.923670768737793,
    6.928048133850098,
    6.845888137817383,
    6.911596298217773,
    6.889956474304199,
    6.918149948120117,
    6.901413917541504,
    6.923164367675781,
    6.926314830780029,
    6.915475845336914,
    6.898433685302734,
    6.92067813873291,
    6.889124870300293,
    6.9356536865234375,
    6.911979675292969,
    6.909887313842773,
    6.92494010925293,
    6.9183855056762695,
    6.925302982330322,
    6.924905300140381,
    6.92966890335083,
