{
  "approx_flops_per_example": 75497472,
  "avg_active_slots": 125.0,
  "avg_active_think_slots": 20.389814972877502,
  "avg_effective_depth": 6.91116401553154,
  "avg_slot_gate": 0.32364782877266407,
  "avg_step_gate": 0.9851940162479877,
  "dataset_name": "dataset",
  "depth_difficulty_corr": 0.64300168864429,
  "epoch": 11,
  "final_train_loss": 1.8828501738607883,
  "final_val_accuracy": 0.328125,
  "final_val_f1": 0.0,
  "final_val_loss": 2.0336908027529716,
  "model_name": "twr",
  "parameter_count": 24785937,
  "peak_gpu_memory_mb": 994.609375,
  "run_name": "twr_scale25m_gm8_lra_listops_100ep",
  "seed": 7,
  "throughput": 325.39203624872215
}