{
  "approx_flops_per_example": 16777216,
  "avg_active_slots": 505.0,
  "avg_active_think_slots": 69.564293384552,
  "avg_effective_depth": 6.025775521993637,
  "avg_slot_gate": 0.27495767921209335,
  "avg_step_gate": 0.8376292809844017,
  "dataset_name": "dataset",
  "depth_difficulty_corr": -0.6271547693759203,
  "epoch": 8,
  "final_train_loss": 2.7878021895885468,
  "final_val_accuracy": 0.068359375,
  "final_val_f1": 0.0,
  "final_val_loss": 2.7690185010433197,
  "model_name": "twr",
  "parameter_count": 88470,
  "peak_gpu_memory_mb": 133.46630859375,
  "run_name": "twr_backbone_ruler_needle_lean_stride1",
  "seed": 7,
  "throughput": 5953.48809737655
}