{
  "avg_active_think_slots": 19.607828974723816,
  "avg_slot_gate": 0.31123535707592964,
  "avg_step_gate": 0.9638131409883499,
  "depth_difficulty_corr": -0.7795169614255428,
  "run_name": "twr_scale2p8m_gm8_lra_listops_100ep",
  "sample_wise_depth_distribution": [
    6.795581817626953,
    6.816914081573486,
    6.813319206237793,
    6.7843546867370605,
    6.767733097076416,
    6.773822784423828,
    6.693925857543945,
    6.824526786804199,
    6.765660285949707,
    6.801436424255371,
    6.840704917907715,
    6.763027191162109,
    6.791691303253174,
    6.789646148681641,
    6.812409400939941,
    6.752342224121094,
    6.739092826843262,
    6.794191360473633,
    6.684120178222656,
    6.727463722229004,
    6.802578449249268,
    6.779435634613037,
    6.8209123611450195,
    6.76158332824707,
    6.817362308502197,
    6.751421928405762,
    6.791043758392334,
    6.7919158935546875,
    6.714219093322754,
    6.79635763168335,
    6.799127578735352,
    6.782007217407227,
    6.766786575317383,
    6.730052947998047,
    6.7758612632751465,
    6.808197021484375,
    6.819002151489258,
    6.779510498046875,
    6.728463172912598,
    6.789695739746094,
    6.787170886993408,
    6.696603775024414,
    6.818922519683838,
    6.7893781661987305,
    6.752384185791016,
    6.750446319580078,
    6.761963844299316,
    6.782554626464844,
    6.777153968811035,
    6.830569744110107,
    6.7525787353515625,
    6.819437026977539,
    6.783039093017578,
    6.740713596343994,
    6.805872917175293,
    6.800385475158691,
    6.800428867340088,
    6.730203151702881,
    6.7580366134643555,
    6.8320183753967285,
    6.76727294921875,
    6.782715320587158,
    6.815003395080566,
    6.778098106384277,
    6.771987438201904,
    6.695908546447754,
    6.758079528808594,
    6.836383819580078,
    6.795592308044434,
    6.802862644195557,
    6.826318264007568,
    6.824982643127441,
    6.835051536560059,
    6.797443866729736,
    6.773921012878418,
    6.743564605712891,
    6.747331619262695,
    6.790414810180664,
    6.807036399841309,
    6.83681583404541,
    6.687832355499268,
    6.7312116622924805,
    6.808976650238037,
    6.774336338043213,
    6.765476226806641,
    6.7628631591796875,
    6.819465637207031,
    6.733497619628906,
    6.7336106300354,
    6.787540912628174,
    6.840850830078125,
    6.820756912231445,
    6.761319160461426,
    6.785288333892822,
    6.781869888305664,
    6.782483100891113,
    6.769536972045898,
    6.787091255187988,
    6.763064861297607,
    6.722850799560547,
    6.821915149688721,
    6.758000373840332,
    6.77778434753418,
    6.756367206573486,
    6.823879241943359,
    6.745940208435059,
    6.786951065063477,
    6.747470378875732,
    6.767938613891602,
    6.804142951965332,
    6.790387153625488,
    6.7945451736450195,
    6.759515285491943,
    6.8157548904418945,
    6.772740840911865,
    6.830216407775879,
    6.757727146148682,
    6.739673614501953,
    6.793735504150391,
    6.764904975891113,
    6.759888648986816,
    6.839090824127197,
    6.802057266235352,
    6.828244209289551,
    6.817963600158691,
    6.753391265869141,
    6.773076057434082,
    6.818526268005371,
    6.804908752441406,
    6.7982378005981445,
    6.825369834899902,
    6.8281683921813965,
    6.778448581695557,
    6.8044257164001465,
    6.786397457122803,
    6.714241981506348,
    6.750690460205078,
    6.796730995178223,
    6.798369884490967,
    6.821507930755615,
    6.819358825683594,
    6.732429504394531,
    6.728879928588867,
    6.690625190734863,
    6.826639175415039,
    6.794000625610352,
    6.785695552825928,
    6.761456489562988,
    6.783672332763672,
    6.798539161682129,
    6.7611165046691895,
    6.8114776611328125,
    6.80930233001709,
    6.788837432861328,
    6.792717933654785,
    6.709548473358154,
    6.833910942077637,
    6.811610221862793,
    6.782021522521973,
    6.831601142883301,
    6.769928932189941,
    6.803289890289307,
    6.774176597595215,
    6.8199567794799805,
    6.792654991149902,
    6.818211555480957,
    6.806729316711426,
    6.800508975982666,
    6.773172378540039,
    6.7982587814331055,
    6.740560054779053,
    6.770077705383301,
    6.754036903381348,
    6.819591522216797,
    6.758569717407227,
    6.815337181091309,
    6.823620319366455,
    6.778770446777344,
    6.82732629776001,
    6.771467208862305,
    6.7747602462768555,
    6.835822105407715,
    6.796444416046143,
    6.818694591522217,
    6.804730415344238,
    6.720539569854736,
    6.780058860778809,
    6.819601058959961,
    6.696169376373291,
    6.793423175811768,
    6.737688064575195,
    6.79186487197876,
    6.773526191711426,
    6.737070083618164,
    6.829560279846191,
    6.792999744415283,
    6.828879356384277,
    6.791214942932129,
    6.753257751464844,
    6.8238019943237305,
    6.745202541351318,
    6.793399333953857,
    6.72998046875,
    6.840572357177734,
    6.7661542892456055,
    6.7598724365234375,
    6.80555534362793,
    6.813354969024658,
    6.716917991638184,
    6.790189743041992,
    6.81877326965332,
    6.816897869110107,
    6.811893463134766,
    6.825677394866943,
    6.831300735473633,
    6.767053127288818,
    6.8372111320495605,
    6.787163734436035,
    6.699687480926514,
    6.773769378662109,
    6.74043083190918,
    6.687670707702637,
    6.734858512878418,
    6.790558815002441,
    6.788057327270508,
    6.7683587074279785,
    6.836498260498047,
    6.824618339538574,
    6.778034687042236,
    6.785505294799805,
    6.763172149658203,
    6.771483421325684,
    6.825465202331543,
    6.704368591308594,
    6.81020975112915,
    6.746347427368164,
    6.837358474731445,
    6.7406768798828125,
    6.808459281921387,
    6.751650333404541,
    6.82819128036499,
    6.783656597137451,
    6.775631904602051,
    6.840319633483887,
    6.753745079040527,
    6.766274929046631,
    6.793971061706543,
    6.810059547424316,
    6.840348243713379,
    6.762085437774658,
    6.815340995788574,
    6.762135028839111,
    6.733541011810303,
    6.803687572479248,
    6.781978607177734,
    6.754463195800781,
    6.831324577331543,
    6.831769943237305,
    6.772769927978516,
    6.826250076293945,
    6.818880081176758,
    6.789772987365723,
    6.764656066894531,
    6.7853617668151855,
    6.760984420776367,
    6.790596961975098,
    6.698336601257324,
    6.803624153137207,
    6.840229034423828,
    6.746692657470703,
    6.709353446960449,
    6.828998565673828,
    6.824017524719238,
    6.836526870727539,
    6.794139385223389,
    6.824742317199707,
    6.76444673538208,
    6.760514259338379,
    6.774587631225586,
    6.7415313720703125,
    6.727602005004883,
    6.810558319091797,
    6.766376495361328,
    6.810482978820801,
    6.7710137367248535,
    6.709871292114258,
    6.799367904663086,
    6.796571731567383,
    6.779283046722412,
    6.761096000671387,
    6.74390983581543,
    6.810613632202148,
    6.788150787353516,
    6.7603759765625,
    6.792938709259033,
    6.817429065704346,
    6.815679550170898,
    6.742353916168213,
    6.837073802947998,
    6.819224834442139,
    6.768512725830078,
    6.734655380249023,
    6.832805633544922,
    6.8159565925598145,
    6.775836944580078,
    6.81481409072876,
    6.750279426574707,
    6.797337532043457,
    6.787246227264404,
    6.823371410369873,
    6.739056587219238,
    6.795873641967773,
    6.788835048675537,
    6.781221389770508,
    6.738897800445557,
    6.790195465087891,
    6.789371490478516,
    6.822132587432861,
    6.8404035568237305,
    6.812726020812988,
    6.804628372192383,
    6.812500476837158,
    6.782263278961182,
    6.761499404907227,
    6.791302680969238,
    6.8369340896606445,
    6.7531023025512695,
    6.803077697753906,
    6.758908271789551,
    6.70028018951416,
    6.7485151290893555,
    6.791406631469727,
    6.780587673187256,
    6.766566276550293,
    6.695036888122559,
