{
  "approx_flops_per_example": 25165824,
  "avg_active_slots": 125.0,
  "avg_active_think_slots": 18.72811460494995,
  "avg_effective_depth": 6.610083162784576,
  "avg_slot_gate": 0.2972716446965933,
  "avg_step_gate": 0.9350138679146767,
  "dataset_name": "dataset",
  "depth_difficulty_corr": -0.8530849516391754,
  "epoch": 11,
  "final_train_loss": 2.008609179407358,
  "final_val_accuracy": 0.28515625,
  "final_val_f1": 0.0,
  "final_val_loss": 2.044656053185463,
  "model_name": "twr",
  "parameter_count": 2808849,
  "peak_gpu_memory_mb": 261.033203125,
  "run_name": "twr_scale2p8m_gm8_lra_listops_100ep",
  "seed": 7,
  "throughput": 1929.1510458386138
}