{
  "avg_active_think_slots": 29.660001039505005,
  "avg_slot_gate": 0.463437519967556,
  "avg_step_gate": 0.9548607282340527,
  "depth_difficulty_corr": 0.4468467612750828,
  "run_name": "twr_gmc8c2_d960_lra_listops_100ep",
  "sample_wise_depth_distribution": [
    4.830910682678223,
    4.860644817352295,
    4.799324035644531,
    4.83304500579834,
    4.7542500495910645,
    4.750459671020508,
    4.77304744720459,
    4.852715015411377,
    4.702371597290039,
    4.848886489868164,
    4.856052875518799,
    4.86874532699585,
    4.7010698318481445,
    4.839470863342285,
    4.737935543060303,
    4.859803199768066,
    4.84733772277832,
    4.804434776306152,
    4.742805004119873,
    4.903698921203613,
    4.863527774810791,
    4.817027568817139,
    4.776479721069336,
    4.757899761199951,
    4.775069713592529,
    4.893530368804932,
    4.6798415184021,
    4.705550193786621,
    4.892994403839111,
    4.714859962463379,
    4.679369926452637,
    4.694213390350342,
    4.867870330810547,
    4.866733074188232,
    4.877533912658691,
    4.876339912414551,
    4.826594352722168,
    4.840213775634766,
    4.745450019836426,
    4.864278793334961,
    4.855205535888672,
    4.828394889831543,
    4.862091064453125,
    4.843298435211182,
    4.894848823547363,
    4.840588569641113,
    4.889280319213867,
    4.859670162200928,
    4.844661712646484,
    4.7957611083984375,
    4.872500419616699,
    4.8446245193481445,
    4.715978145599365,
    4.8687968254089355,
    4.852716445922852,
    4.866820812225342,
    4.840313911437988,
    4.8480072021484375,
    4.843422889709473,
    4.676745891571045,
    4.830028533935547,
    4.74325704574585,
    4.834384441375732,
    4.86948823928833,
    4.84968376159668,
    4.89798641204834,
    4.840451717376709,
    4.781960487365723,
    4.820823669433594,
    4.705903053283691,
    4.6801676750183105,
    4.847905158996582,
    4.819203853607178,
    4.876543045043945,
    4.821303844451904,
    4.8638787269592285,
    4.711436748504639,
    4.850703716278076,
    4.83858585357666,
    4.7619829177856445,
    4.898509979248047,
    4.8668341636657715,
    4.836028575897217,
    4.814349174499512,
    4.885541915893555,
    4.853520393371582,
    4.787847995758057,
    4.890219688415527,
    4.895400047302246,
    4.771707534790039,
    4.8101277351379395,
    4.838010787963867,
    4.898883819580078,
    4.843436241149902,
    4.874819278717041,
    4.8176679611206055,
    4.843880653381348,
    4.8219099044799805,
    4.846563816070557,
    4.874194145202637,
    4.857717037200928,
    4.776490688323975,
    4.8929123878479,
    4.691143035888672,
    4.79257345199585,
    4.899046897888184,
    4.856226921081543,
    4.738040447235107,
    4.711813926696777,
    4.848578929901123,
    4.884967803955078,
    4.814781665802002,
    4.875457763671875,
    4.7660722732543945,
    4.871703624725342,
    4.849272727966309,
    4.859175682067871,
    4.8624162673950195,
    4.693437576293945,
    4.861096382141113,
    4.744542121887207,
    4.820538520812988,
    4.859367370605469,
    4.812030792236328,
    4.833280086517334,
    4.859264850616455,
    4.839529037475586,
    4.761109352111816,
    4.8427581787109375,
    4.851107597351074,
    4.878721714019775,
    4.760992527008057,
    4.868191242218018,
    4.861347675323486,
    4.73546838760376,
    4.864077091217041,
    4.8606390953063965,
    4.84466552734375,
    4.871922016143799,
    4.82439661026001,
    4.850316047668457,
    4.8853302001953125,
    4.864975929260254,
    4.861812591552734,
    4.856673717498779,
    4.867169380187988,
    4.775844573974609,
    4.729769229888916,
    4.834854602813721,
    4.856285095214844,
    4.818863868713379,
    4.679117202758789,
    4.716311454772949,
    4.755931854248047,
    4.86726188659668,
    4.882404327392578,
    4.718305587768555,
    4.797459602355957,
    4.818928241729736,
    4.711711883544922,
    4.869359970092773,
    4.78237247467041,
    4.865047454833984,
    4.841946125030518,
    4.794118881225586,
    4.850732803344727,
    4.7776899337768555,
    4.825046062469482,
    4.850692272186279,
    4.716179847717285,
    4.755490779876709,
    4.815373420715332,
    4.863574981689453,
    4.681224822998047,
    4.90224552154541,
    4.851233959197998,
    4.841178894042969,
    4.858232498168945,
    4.792403697967529,
    4.8817315101623535,
    4.848084449768066,
    4.8419342041015625,
    4.877692222595215,
    4.7398576736450195,
    4.856073379516602,
    4.856288909912109,
    4.672486782073975,
    4.826741695404053,
    4.779008388519287,
    4.88110876083374,
    4.873301029205322,
    4.7952375411987305,
    4.854178428649902,
    4.885210037231445,
    4.681990146636963,
    4.700126647949219,
    4.73629093170166,
    4.715770721435547,
    4.87403678894043,
    4.796540260314941,
    4.878211975097656,
    4.870172023773193,
    4.861074924468994,
    4.762485504150391,
    4.82050085067749,
    4.849638938903809,
    4.82773494720459,
    4.843184471130371,
    4.803486347198486,
    4.8815531730651855,
    4.843681812286377,
    4.863847255706787,
    4.8492231369018555,
    4.787287712097168,
    4.7345147132873535,
    4.806307792663574,
    4.679542541503906,
    4.870861053466797,
    4.890156269073486,
    4.883587837219238,
    4.857434272766113,
    4.876443862915039,
    4.850239276885986,
    4.889820575714111,
    4.785015106201172,
    4.859669208526611,
    4.798953533172607,
    4.836817264556885,
    4.721052169799805,
    4.731231212615967,
    4.8387532234191895,
    4.793947219848633,
    4.669905662536621,
    4.8810529708862305,
    4.813741207122803,
    4.882767677307129,
    4.781665802001953,
    4.86628532409668,
    4.849185943603516,
    4.874722480773926,
    4.70971155166626,
    4.8564863204956055,
    4.857048034667969,
    4.831655025482178,
    4.756832599639893,
    4.871914863586426,
    4.865303993225098,
    4.6967549324035645,
    4.840594291687012,
    4.762314319610596,
    4.864925861358643,
    4.904696941375732,
    4.888401508331299,
    4.817454814910889,
    4.855772018432617,
    4.68709659576416,
    4.693841934204102,
    4.732575416564941,
    4.902739524841309,
    4.7461161613464355,
    4.869760036468506,
    4.864992141723633,
    4.853902816772461,
    4.709573268890381,
    4.827064037322998,
    4.7106404304504395,
    4.899593830108643,
    4.818202972412109,
    4.7422075271606445,
    4.8436784744262695,
    4.880616664886475,
    4.684228897094727,
    4.844654083251953,
    4.673426628112793,
    4.837176322937012,
    4.849706649780273,
    4.751589298248291,
    4.7873077392578125,
    4.857307434082031,
    4.850508213043213,
    4.842853546142578,
    4.838190078735352,
    4.706697940826416,
    4.781383037567139,
    4.869672775268555,
    4.870272636413574,
    4.851535797119141,
    4.856310844421387,
    4.868906021118164,
    4.865426063537598,
    4.829997539520264,
    4.841520309448242,
    4.861560821533203,
    4.846454620361328,
    4.871922016143799,
    4.864840984344482,
    4.82059383392334,
    4.868913650512695,
    4.834842681884766,
    4.680298328399658,
    4.892176628112793,
    4.8638482093811035,
    4.6769700050354,
    4.6833319664001465,
    4.862276077270508,
    4.849103927612305,
    4.8134965896606445,
    4.810819625854492,
    4.6883416175842285,
    4.821920394897461,
    4.898941993713379,
    4.837673187255859,
    4.869808197021484,
    4.827001571655273,
    4.783626079559326,
    4.853372573852539,
    4.878129959106445,
    4.744422912597656,
    4.793745994567871,
    4.844621658325195,
    4.844385147094727,
    4.698397159576416,
    4.865665435791016,
    4.751503944396973,
    4.835853099822998,
    4.732169151306152,
    4.85325813293457,
    4.827557563781738,
    4.8889007568359375,
    4.858369827270508,
    4.872596740722656,
    4.881295204162598,
    4.7656354904174805,
    4.871867656707764,
    4.861408233642578,
    4.878071308135986,
