{
  "approx_flops_per_example": 62914560,
  "avg_active_slots": 127.0,
  "avg_active_think_slots": 29.660001039505005,
  "avg_effective_depth": 4.819442927837372,
  "avg_slot_gate": 0.463437519967556,
  "avg_step_gate": 0.9548607282340527,
  "dataset_name": "dataset",
  "depth_difficulty_corr": 0.4468467612750828,
  "epoch": 13,
  "final_train_loss": 1.7496127597987652,
  "final_val_accuracy": 0.3125,
  "final_val_f1": 0.0,
  "final_val_loss": 2.1203286945819855,
  "model_name": "twr",
  "parameter_count": 17217874,
  "peak_gpu_memory_mb": 614.42626953125,
  "run_name": "twr_gmc8c2_d960_lra_listops_100ep",
  "seed": 7,
  "throughput": 724.2251845680879
}