{
  "avg_active_think_slots": 28.878496408462524,
  "avg_slot_gate": 0.45122649148106575,
  "avg_step_gate": 0.752534419298172,
  "depth_difficulty_corr": -0.8248182758688927,
  "run_name": "twr_backbone_lra_listops_lean_fast",
  "sample_wise_depth_distribution": [
    3.279902935028076,
    3.2714285850524902,
    3.263519763946533,
    3.2497684955596924,
    3.2283053398132324,
    3.2444162368774414,
    3.219963550567627,
    3.2726235389709473,
    3.260129451751709,
    3.2730822563171387,
    3.2917728424072266,
    3.268699884414673,
    3.2666537761688232,
    3.233851194381714,
    3.269484519958496,
    3.2446422576904297,
    3.2350192070007324,
    3.285861015319824,
    3.221738576889038,
    3.2223429679870605,
    3.255375385284424,
    3.2542970180511475,
    3.291064739227295,
    3.2536630630493164,
    3.2812914848327637,
    3.212684154510498,
    3.2664427757263184,
    3.252542734146118,
    3.238359212875366,
    3.264585018157959,
    3.275423765182495,
    3.256326913833618,
    3.2544939517974854,
    3.2537717819213867,
    3.2482621669769287,
    3.2658581733703613,
    3.2861170768737793,
    3.2530722618103027,
    3.2315967082977295,
    3.2533669471740723,
    3.255032539367676,
    3.209310293197632,
    3.2694129943847656,
    3.251281976699829,
    3.214303731918335,
    3.2320830821990967,
    3.242483139038086,
    3.2501163482666016,
    3.267568826675415,
    3.2657363414764404,
    3.23443865776062,
    3.282902717590332,
    3.2518415451049805,
    3.228687047958374,
    3.2662761211395264,
    3.2588651180267334,
    3.2582552433013916,
    3.226262092590332,
    3.2480106353759766,
    3.287944793701172,
    3.242945671081543,
    3.2367069721221924,
    3.246264696121216,
    3.256742000579834,
    3.247877597808838,
    3.234118700027466,
    3.233743667602539,
    3.287126064300537,
    3.2697412967681885,
    3.268075942993164,
    3.285457134246826,
    3.2810304164886475,
    3.2990198135375977,
    3.251600742340088,
    3.2279157638549805,
    3.243678092956543,
    3.244143486022949,
    3.262533187866211,
    3.2563347816467285,
    3.293022871017456,
    3.221346855163574,
    3.2365782260894775,
    3.267935276031494,
    3.2627828121185303,
    3.2427680492401123,
    3.223592519760132,
    3.2827227115631104,
    3.236254930496216,
    3.2369303703308105,
    3.2265262603759766,
    3.2939906120300293,
    3.2788381576538086,
    3.235281229019165,
    3.258249282836914,
    3.247300148010254,
    3.2500386238098145,
    3.2553889751434326,
    3.265355348587036,
    3.271306276321411,
    3.2198498249053955,
    3.2754485607147217,
    3.2704460620880127,
    3.2233028411865234,
    3.2585535049438477,
    3.2796621322631836,
    3.2088913917541504,
    3.252906322479248,
    3.230680227279663,
    3.2678921222686768,
    3.2748146057128906,
    3.2420148849487305,
    3.25019907951355,
    3.22709584236145,
    3.2888877391815186,
    3.2627038955688477,
    3.2775051593780518,
    3.266090154647827,
    3.2402560710906982,
    3.270627975463867,
    3.2532036304473877,
    3.249922752380371,
    3.294847011566162,
    3.2713875770568848,
    3.283336639404297,
    3.287968158721924,
    3.253744125366211,
    3.2699689865112305,
    3.281508207321167,
    3.228930950164795,
    3.270695209503174,
    3.269619941711426,
    3.28464412689209,
    3.232539653778076,
    3.2610983848571777,
    3.2613606452941895,
    3.2338311672210693,
    3.2572014331817627,
    3.260334014892578,
    3.2395806312561035,
    3.279984474182129,
    3.279545307159424,
    3.228435754776001,
    3.2262558937072754,
    3.24700927734375,
    3.276458740234375,
    3.263826608657837,
    3.23897647857666,
    3.260134220123291,
    3.274082899093628,
    3.255375623703003,
    3.224090337753296,
    3.2726850509643555,
    3.262667655944824,
    3.274778366088867,
    3.247668981552124,
    3.2029430866241455,
    3.2931151390075684,
    3.2473809719085693,
    3.2742748260498047,
    3.274965524673462,
    3.2541096210479736,
    3.2607946395874023,
    3.2808942794799805,
    3.251616954803467,
    3.261104106903076,
    3.28458833694458,
    3.282349109649658,
    3.2681310176849365,
    3.258457660675049,
    3.2398643493652344,
    3.231614351272583,
    3.231328248977661,
    3.2198216915130615,
    3.295940637588501,
    3.2473230361938477,
    3.276118040084839,
    3.2839672565460205,
    3.238701343536377,
    3.277247428894043,
    3.2275664806365967,
    3.243985652923584,
    3.279421329498291,
    3.2653276920318604,
    3.2803826332092285,
    3.2658309936523438,
    3.2127058506011963,
    3.2661805152893066,
    3.2702391147613525,
    3.2003841400146484,
    3.2533793449401855,
    3.2410295009613037,
    3.2559902667999268,
    3.257830858230591,
    3.2499489784240723,
    3.283808469772339,
    3.2670397758483887,
    3.2986598014831543,
    3.2627110481262207,
    3.2441439628601074,
    3.278721332550049,
    3.221632957458496,
    3.2292332649230957,
    3.221768856048584,
    3.295156478881836,
    3.2505669593811035,
    3.227830410003662,
    3.252262592315674,
    3.278186082839966,
    3.268303871154785,
    3.2564353942871094,
    3.2871885299682617,
    3.277686595916748,
    3.277573823928833,
    3.2692723274230957,
    3.2907986640930176,
    3.258780002593994,
    3.291445255279541,
    3.2462081909179688,
    3.2336392402648926,
    3.262561559677124,
    3.249478578567505,
    3.2361021041870117,
    3.231553554534912,
    3.256779432296753,
    3.2401037216186523,
    3.222291946411133,
    3.298255443572998,
    3.291249990463257,
    3.2734386920928955,
    3.251084327697754,
    3.255852699279785,
    3.24399995803833,
    3.2866358757019043,
    3.1951937675476074,
    3.2904510498046875,
    3.235750198364258,
    3.295114278793335,
    3.231257677078247,
    3.268800735473633,
    3.2612533569335938,
    3.2839465141296387,
    3.232484817504883,
    3.241713523864746,
    3.285414218902588,
    3.261979103088379,
    3.2423009872436523,
    3.267946481704712,
    3.267519474029541,
    3.289337396621704,
    3.245760917663574,
    3.2797436714172363,
    3.234466791152954,
    3.2119860649108887,
    3.28379487991333,
    3.2523956298828125,
    3.250617504119873,
    3.293881893157959,
    3.2853732109069824,
    3.216519355773926,
    3.2796173095703125,
    3.2668137550354004,
    3.2497639656066895,
    3.237189531326294,
    3.253309965133667,
    3.229703903198242,
    3.256053924560547,
    3.2459397315979004,
    3.252011775970459,
    3.291769504547119,
    3.222079277038574,
    3.2159194946289062,
    3.2877817153930664,
    3.2740328311920166,
    3.291041374206543,
    3.2598648071289062,
    3.284821033477783,
    3.241056442260742,
    3.2599306106567383,
    3.249276638031006,
    3.2429728507995605,
    3.2416799068450928,
    3.2721972465515137,
    3.256528615951538,
    3.2775285243988037,
    3.2606258392333984,
    3.2199652194976807,
    3.252145290374756,
    3.259291172027588,
    3.24528169631958,
    3.229924201965332,
    3.2519032955169678,
    3.2421488761901855,
    3.276547908782959,
    3.2500290870666504,
    3.2260284423828125,
    3.267422676086426,
    3.277393102645874,
    3.2373807430267334,
    3.284234046936035,
    3.2857794761657715,
    3.2517786026000977,
    3.227992534637451,
    3.286351203918457,
    3.2724356651306152,
    3.2613205909729004,
    3.2733283042907715,
    3.217381000518799,
    3.2631330490112305,
    3.285585403442383,
    3.2813291549682617,
    3.241230010986328,
    3.2388710975646973,
    3.2507553100585938,
    3.277505397796631,
    3.217142343521118,
    3.2695472240448,
    3.250775098800659,
    3.283604860305786,
    3.289095401763916,
    3.2681241035461426,
    3.2811219692230225,
    3.289118766784668,
    3.25435209274292,
    3.2570133209228516,
    3.2651047706604004,
    3.282240390777588,
    3.2417683601379395,
    3.27168607711792,
    3.2182161808013916,
    3.2221460342407227,
