{
  "approx_flops_per_example": 4194304,
  "avg_active_slots": 127.0,
  "avg_active_think_slots": 28.976176738739014,
  "avg_effective_depth": 3.270794913172722,
  "avg_slot_gate": 0.4527527689933777,
  "avg_step_gate": 0.756931658834219,
  "dataset_name": "dataset",
  "depth_difficulty_corr": -0.8708170652389526,
  "epoch": 13,
  "final_train_loss": 1.9282066971063614,
  "final_val_accuracy": 0.23046875,
  "final_val_f1": 0.0,
  "final_val_loss": 2.0009830445051193,
  "model_name": "twr",
  "parameter_count": 71808,
  "peak_gpu_memory_mb": 37.49169921875,
  "run_name": "twr_backbone_lra_listops_lean_fast",
  "seed": 7,
  "throughput": 9348.085848522318
}