{
  "avg_active_think_slots": 26.936511635780334,
  "avg_slot_gate": 0.4208829924464226,
  "avg_step_gate": 0.8700096867978573,
  "depth_difficulty_corr": 0.9128840453922749,
  "run_name": "twr_gmc8c2_d192_lra_listops_100ep",
  "sample_wise_depth_distribution": [
    4.428917407989502,
    4.436829090118408,
    4.431950569152832,
    4.550806999206543,
    4.626897811889648,
    4.593364715576172,
    4.590359687805176,
    4.444805145263672,
    4.471131324768066,
    4.443687438964844,
    4.346932411193848,
    4.491064071655273,
    4.458210468292236,
    4.541719436645508,
    4.414699077606201,
    4.525647163391113,
    4.5400896072387695,
    4.421438217163086,
    4.590949058532715,
    4.584048748016357,
    4.459995746612549,
    4.472209930419922,
    4.342942714691162,
    4.617640018463135,
    4.393202781677246,
    4.6385674476623535,
    4.392355918884277,
    4.493216514587402,
    4.593352317810059,
    4.483968734741211,
    4.370372295379639,
    4.500447750091553,
    4.499950408935547,
    4.5231547355651855,
    4.52195930480957,
    4.462632179260254,
    4.4074249267578125,
    4.43745756149292,
    4.608022689819336,
    4.497488975524902,
    4.473367214202881,
    4.5654191970825195,
    4.380239486694336,
    4.47306489944458,
    4.622130393981934,
    4.512277126312256,
    4.579616546630859,
    4.505704879760742,
    4.4961137771606445,
    4.417208671569824,
    4.515515327453613,
    4.385699272155762,
    4.422324180603027,
    4.505207538604736,
    4.417133331298828,
    4.510456085205078,
    4.456242084503174,
    4.602759838104248,
    4.536386489868164,
    4.347898483276367,
    4.499044895172119,
    4.499120712280273,
    4.50306510925293,
    4.614829063415527,
    4.517252445220947,
    4.605069160461426,
    4.497583389282227,
    4.3541035652160645,
    4.466186046600342,
    4.414098739624023,
    4.320883274078369,
    4.419778823852539,
    4.332663059234619,
    4.511391639709473,
    4.503339767456055,
    4.573058605194092,
    4.507298946380615,
    4.4771623611450195,
    4.428205490112305,
    4.357953071594238,
    4.575392723083496,
    4.586679935455322,
    4.396786689758301,
    4.511738300323486,
    4.4811506271362305,
    4.513579368591309,
    4.377411842346191,
    4.541538238525391,
    4.5986528396606445,
    4.553887844085693,
    4.353910446166992,
    4.436237335205078,
    4.586402893066406,
    4.43241024017334,
    4.506595611572266,
    4.5563764572143555,
    4.43490743637085,
    4.490664482116699,
    4.445294380187988,
    4.611611366271973,
    4.437370300292969,
    4.403249740600586,
    4.530777454376221,
    4.455944061279297,
    4.399289131164551,
    4.63203763961792,
    4.460048675537109,
    4.581170558929443,
    4.477515697479248,
    4.44886589050293,
    4.545835018157959,
    4.485151290893555,
    4.513541221618652,
    4.404735088348389,
    4.4723968505859375,
    4.412036895751953,
    4.463562965393066,
    4.570406913757324,
    4.450318336486816,
    4.51699686050415,
    4.547863960266113,
    4.36126708984375,
    4.417777061462402,
    4.427055835723877,
    4.377488613128662,
    4.522034645080566,
    4.4612226486206055,
    4.416835784912109,
    4.507814884185791,
    4.509913444519043,
    4.526329517364502,
    4.356647491455078,
    4.586770057678223,
    4.491407871246338,
    4.457843780517578,
    4.5882062911987305,
    4.486246585845947,
    4.432381629943848,
    4.500270843505859,
    4.382091045379639,
    4.404277324676514,
    4.562035083770752,
    4.591842174530029,
    4.507098197937012,
    4.3800883293151855,
    4.494453430175781,
    4.480751991271973,
    4.447482585906982,
    4.502413749694824,
    4.489274024963379,
    4.592586994171143,
    4.380576133728027,
    4.463382720947266,
    4.366944789886475,
    4.455885887145996,
    4.575213432312012,
    4.359347820281982,
    4.473536491394043,
    4.454684734344482,
    4.407516956329346,
    4.552813529968262,
    4.431639671325684,
    4.540037631988525,
    4.467061996459961,
    4.462311744689941,
    4.440796852111816,
    4.432289123535156,
    4.416788101196289,
    4.474155426025391,
    4.449518203735352,
    4.593110084533691,
    4.5091094970703125,
    4.538798809051514,
    4.384281158447266,
    4.614081382751465,
    4.405779838562012,
    4.332509994506836,
    4.516450881958008,
    4.412606716156006,
    4.561709403991699,
    4.48144006729126,
    4.346999645233154,
    4.479736328125,
    4.402048587799072,
    4.45152473449707,
    4.5998101234436035,
    4.447359561920166,
    4.385552406311035,
    4.547992706298828,
    4.544500827789307,
    4.562288761138916,
    4.505799293518066,
    4.519087791442871,
    4.590200424194336,
    4.339252471923828,
    4.444754600524902,
    4.360013008117676,
    4.423670768737793,
    4.567793369293213,
    4.431631088256836,
    4.599930763244629,
    4.477466106414795,
    4.5258026123046875,
    4.3612165451049805,
    4.457981586456299,
    4.509138584136963,
    4.4929351806640625,
    4.388870716094971,
    4.520402908325195,
    4.574704647064209,
    4.403112411499023,
    4.42575216293335,
    4.433101654052734,
    4.401520252227783,
    4.321229934692383,
    4.443129539489746,
    4.345752716064453,
    4.494011878967285,
    4.583817481994629,
    4.509111404418945,
    4.508126735687256,
    4.584002494812012,
    4.555109977722168,
    4.5611419677734375,
    4.509249210357666,
    4.585444927215576,
    4.359923362731934,
    4.399599075317383,
    4.418015480041504,
    4.505684852600098,
    4.518977642059326,
    4.49519681930542,
    4.346996307373047,
    4.5781941413879395,
    4.383632183074951,
    4.6491594314575195,
    4.362621307373047,
    4.571242332458496,
    4.45723295211792,
    4.595213890075684,
    4.3264312744140625,
    4.6317644119262695,
    4.553346633911133,
    4.342792987823486,
    4.430340766906738,
    4.543705463409424,
    4.521854877471924,
    4.409178733825684,
    4.332365036010742,
    4.529930114746094,
    4.388688087463379,
    4.639584064483643,
    4.5972795486450195,
    4.4418792724609375,
    4.5327959060668945,
    4.4556074142456055,
    4.3597187995910645,
    4.387358665466309,
    4.638447284698486,
    4.332583904266357,
    4.465184211730957,
    4.452652454376221,
    4.445724964141846,
    4.45966911315918,
    4.591884613037109,
    4.466678619384766,
    4.549154758453369,
    4.4931769371032715,
    4.3621110916137695,
    4.581416130065918,
    4.60396671295166,
    4.331573963165283,
    4.4424543380737305,
    4.338604927062988,
    4.40439510345459,
    4.379632949829102,
    4.510895729064941,
    4.548498153686523,
    4.522639274597168,
    4.569067001342773,
    4.6182661056518555,
    4.409250259399414,
    4.468481063842773,
    4.395758628845215,
    4.450737953186035,
    4.5847578048706055,
    4.5479302406311035,
    4.483828544616699,
    4.550905227661133,
    4.53524112701416,
    4.431134223937988,
    4.515077590942383,
    4.444277763366699,
    4.491634368896484,
    4.614411354064941,
    4.447544097900391,
    4.378422737121582,
    4.585213661193848,
    4.323229789733887,
    4.351746082305908,
    4.605138778686523,
    4.610442638397217,
    4.398488521575928,
    4.434474468231201,
    4.457040309906006,
    4.381773948669434,
    4.615289211273193,
    4.338470458984375,
    4.455178260803223,
    4.346451282501221,
    4.647652626037598,
    4.457455158233643,
    4.559353828430176,
    4.438087463378906,
    4.558431625366211,
    4.48660135269165,
    4.511020660400391,
    4.304616928100586,
    4.349046230316162,
    4.4578447341918945,
    4.449143409729004,
    4.387993812561035,
    4.594271659851074,
    4.517283916473389,
    4.456618785858154,
    4.3306660652160645,
    4.525054931640625,
    4.3927178382873535,
    4.5902323722839355,
    4.572824954986572,
    4.577269554138184,
    4.556171417236328,
    4.497369289398193,
    4.546788215637207,
    4.559883117675781,
