{
  "approx_flops_per_example": 12582912,
  "avg_active_slots": 127.0,
  "avg_active_think_slots": 27.531764268875122,
  "avg_effective_depth": 4.557408452033997,
  "avg_slot_gate": 0.43018380738794804,
  "avg_step_gate": 0.889352098107338,
  "dataset_name": "dataset",
  "depth_difficulty_corr": 0.8920311257243156,
  "epoch": 14,
  "final_train_loss": 1.8764504939317703,
  "final_val_accuracy": 0.2578125,
  "final_val_f1": 0.0,
  "final_val_loss": 2.091858483850956,
  "model_name": "twr",
  "parameter_count": 718930,
  "peak_gpu_memory_mb": 94.41748046875,
  "run_name": "twr_gmc8c2_d192_lra_listops_100ep",
  "seed": 7,
  "throughput": 7118.189758907148
}